{
    "name": "root",
    "gauges": {
        "SoccerTwos.Policy.Entropy.mean": {
            "value": 3.1801345348358154,
            "min": 3.169309616088867,
            "max": 3.2957184314727783,
            "count": 34
        },
        "SoccerTwos.Policy.Entropy.sum": {
            "value": 77747.9296875,
            "min": 24708.935546875,
            "max": 105462.984375,
            "count": 34
        },
        "SoccerTwos.Environment.EpisodeLength.mean": {
            "value": 649.4285714285714,
            "min": 404.6363636363636,
            "max": 999.0,
            "count": 34
        },
        "SoccerTwos.Environment.EpisodeLength.sum": {
            "value": 18184.0,
            "min": 17240.0,
            "max": 22964.0,
            "count": 34
        },
        "SoccerTwos.Self-play.ELO.mean": {
            "value": 1206.5461290128796,
            "min": 1198.1689331811108,
            "max": 1213.5137713086542,
            "count": 33
        },
        "SoccerTwos.Self-play.ELO.sum": {
            "value": 7239.276774077278,
            "min": 2396.6916390995702,
            "max": 26359.71652998444,
            "count": 33
        },
        "SoccerTwos.Step.mean": {
            "value": 339853.0,
            "min": 9348.0,
            "max": 339853.0,
            "count": 34
        },
        "SoccerTwos.Step.sum": {
            "value": 339853.0,
            "min": 9348.0,
            "max": 339853.0,
            "count": 34
        },
        "SoccerTwos.Policy.ExtrinsicBaselineEstimate.mean": {
            "value": -0.03547026589512825,
            "min": -0.04800846800208092,
            "max": 0.014274782501161098,
            "count": 34
        },
        "SoccerTwos.Policy.ExtrinsicBaselineEstimate.sum": {
            "value": -0.5320540070533752,
            "min": -1.1041947603225708,
            "max": 0.3140452206134796,
            "count": 34
        },
        "SoccerTwos.Policy.ExtrinsicValueEstimate.mean": {
            "value": -0.03563658520579338,
            "min": -0.052174679934978485,
            "max": 0.013462802395224571,
            "count": 34
        },
        "SoccerTwos.Policy.ExtrinsicValueEstimate.sum": {
            "value": -0.5345487594604492,
            "min": -1.1710158586502075,
            "max": 0.29618164896965027,
            "count": 34
        },
        "SoccerTwos.Environment.CumulativeReward.mean": {
            "value": 0.0,
            "min": 0.0,
            "max": 0.0,
            "count": 34
        },
        "SoccerTwos.Environment.CumulativeReward.sum": {
            "value": 0.0,
            "min": 0.0,
            "max": 0.0,
            "count": 34
        },
        "SoccerTwos.Policy.ExtrinsicReward.mean": {
            "value": -0.3333333333333333,
            "min": -0.3701739103897758,
            "max": 0.3609599994728342,
            "count": 34
        },
        "SoccerTwos.Policy.ExtrinsicReward.sum": {
            "value": -5.0,
            "min": -8.513999938964844,
            "max": 7.219199989456683,
            "count": 34
        },
        "SoccerTwos.Environment.GroupCumulativeReward.mean": {
            "value": -0.3333333333333333,
            "min": -0.3701739103897758,
            "max": 0.3609599994728342,
            "count": 34
        },
        "SoccerTwos.Environment.GroupCumulativeReward.sum": {
            "value": -5.0,
            "min": -8.513999938964844,
            "max": 7.219199989456683,
            "count": 34
        },
        "SoccerTwos.IsTraining.mean": {
            "value": 1.0,
            "min": 1.0,
            "max": 1.0,
            "count": 34
        },
        "SoccerTwos.IsTraining.sum": {
            "value": 1.0,
            "min": 1.0,
            "max": 1.0,
            "count": 34
        },
        "SoccerTwos.Losses.PolicyLoss.mean": {
            "value": 0.01577544048195705,
            "min": 0.01063695335954738,
            "max": 0.020342109988753996,
            "count": 16
        },
        "SoccerTwos.Losses.PolicyLoss.sum": {
            "value": 0.01577544048195705,
            "min": 0.01063695335954738,
            "max": 0.020342109988753996,
            "count": 16
        },
        "SoccerTwos.Losses.ValueLoss.mean": {
            "value": 0.0018703187951662889,
            "min": 0.0015578435869732252,
            "max": 0.009673637819165986,
            "count": 16
        },
        "SoccerTwos.Losses.ValueLoss.sum": {
            "value": 0.0018703187951662889,
            "min": 0.0015578435869732252,
            "max": 0.009673637819165986,
            "count": 16
        },
        "SoccerTwos.Losses.BaselineLoss.mean": {
            "value": 0.001881959157374998,
            "min": 0.0015746138369043669,
            "max": 0.009515702864155174,
            "count": 16
        },
        "SoccerTwos.Losses.BaselineLoss.sum": {
            "value": 0.001881959157374998,
            "min": 0.0015746138369043669,
            "max": 0.009515702864155174,
            "count": 16
        },
        "SoccerTwos.Policy.LearningRate.mean": {
            "value": 0.0003,
            "min": 0.0003,
            "max": 0.0003,
            "count": 16
        },
        "SoccerTwos.Policy.LearningRate.sum": {
            "value": 0.0003,
            "min": 0.0003,
            "max": 0.0003,
            "count": 16
        },
        "SoccerTwos.Policy.Epsilon.mean": {
            "value": 0.20000000000000007,
            "min": 0.20000000000000007,
            "max": 0.20000000000000007,
            "count": 16
        },
        "SoccerTwos.Policy.Epsilon.sum": {
            "value": 0.20000000000000007,
            "min": 0.20000000000000007,
            "max": 0.20000000000000007,
            "count": 16
        },
        "SoccerTwos.Policy.Beta.mean": {
            "value": 0.005000000000000001,
            "min": 0.005000000000000001,
            "max": 0.005000000000000001,
            "count": 16
        },
        "SoccerTwos.Policy.Beta.sum": {
            "value": 0.005000000000000001,
            "min": 0.005000000000000001,
            "max": 0.005000000000000001,
            "count": 16
        }
    },
    "metadata": {
        "timer_format_version": "0.1.0",
        "start_time_seconds": "1730981701",
        "python_version": "3.10.0 (tags/v3.10.0:b494f59, Oct  4 2021, 19:00:18) [MSC v.1929 64 bit (AMD64)]",
        "command_line_arguments": "C:\\Users\\ronad\\Documents\\project2S1\\AIML12\\Project\\venv\\Scripts\\mlagents-learn config\\config.yaml --run-id=TestT71",
        "mlagents_version": "0.30.0",
        "mlagents_envs_version": "0.30.0",
        "communication_protocol_version": "1.5.0",
        "pytorch_version": "2.4.1+cpu",
        "numpy_version": "1.21.2",
        "end_time_seconds": "1730982526"
    },
    "total": 824.68348040001,
    "count": 1,
    "self": 0.004496200068388134,
    "children": {
        "run_training.setup": {
            "total": 0.05728139996062964,
            "count": 1,
            "self": 0.05728139996062964
        },
        "TrainerController.start_learning": {
            "total": 824.621702799981,
            "count": 1,
            "self": 0.4804587019025348,
            "children": {
                "TrainerController._reset_env": {
                    "total": 5.691777499974705,
                    "count": 2,
                    "self": 5.691777499974705
                },
                "TrainerController.advance": {
                    "total": 818.324814198073,
                    "count": 23099,
                    "self": 0.4715753919444978,
                    "children": {
                        "env_step": {
                            "total": 561.27538490179,
                            "count": 23099,
                            "self": 460.9669274032349,