{
    "name": "root",
    "gauges": {
        "SoccerTwos.Policy.Entropy.mean": {
            "value": 3.19643235206604,
            "min": 3.1859495639801025,
            "max": 3.2957301139831543,
            "count": 59
        },
        "SoccerTwos.Policy.Entropy.sum": {
            "value": 65360.6484375,
            "min": 17686.587890625,
            "max": 127406.453125,
            "count": 59
        },
        "SoccerTwos.Environment.EpisodeLength.mean": {
            "value": 742.8333333333334,
            "min": 406.2307692307692,
            "max": 999.0,
            "count": 59
        },
        "SoccerTwos.Environment.EpisodeLength.sum": {
            "value": 17828.0,
            "min": 16464.0,
            "max": 23964.0,
            "count": 59
        },
        "SoccerTwos.Self-play.ELO.mean": {
            "value": 1185.4608250822916,
            "min": 1183.7452134810023,
            "max": 1198.6368125508247,
            "count": 58
        },
        "SoccerTwos.Self-play.ELO.sum": {
            "value": 4741.843300329167,
            "min": 2371.1750546844,
            "max": 23896.086781772166,
            "count": 58
        },
        "SoccerTwos.Step.mean": {
            "value": 589336.0,
            "min": 9000.0,
            "max": 589336.0,
            "count": 59
        },
        "SoccerTwos.Step.sum": {
            "value": 589336.0,
            "min": 9000.0,
            "max": 589336.0,
            "count": 59
        },
        "SoccerTwos.Policy.ExtrinsicBaselineEstimate.mean": {
            "value": -0.006895833183079958,
            "min": -0.09468375146389008,
            "max": 0.006482677534222603,
            "count": 59
        },
        "SoccerTwos.Policy.ExtrinsicBaselineEstimate.sum": {
            "value": -0.08964583277702332,
            "min": -1.9883588552474976,
            "max": 0.08427480608224869,
            "count": 59
        },
        "SoccerTwos.Policy.ExtrinsicValueEstimate.mean": {
            "value": -0.006786670070141554,
            "min": -0.09474685043096542,
            "max": 0.005308317020535469,
            "count": 59
        },
        "SoccerTwos.Policy.ExtrinsicValueEstimate.sum": {
            "value": -0.08822671324014664,
            "min": -1.989545464515686,
            "max": 0.06900811940431595,
            "count": 59
        },
        "SoccerTwos.Environment.CumulativeReward.mean": {
            "value": 0.0,
            "min": 0.0,
            "max": 0.0,
            "count": 59
        },
        "SoccerTwos.Environment.CumulativeReward.sum": {
            "value": 0.0,
            "min": 0.0,
            "max": 0.0,
            "count": 59
        },
        "SoccerTwos.Policy.ExtrinsicReward.mean": {
            "value": -0.02538461868579571,
            "min": -0.6428571428571429,
            "max": 0.31845714364733013,
            "count": 59
        },
        "SoccerTwos.Policy.ExtrinsicReward.sum": {
            "value": -0.33000004291534424,
            "min": -11.798400044441223,
            "max": 4.458400011062622,
            "count": 59
        },
        "SoccerTwos.Environment.GroupCumulativeReward.mean": {
            "value": -0.02538461868579571,
            "min": -0.6428571428571429,
            "max": 0.31845714364733013,
            "count": 59
        },
        "SoccerTwos.Environment.GroupCumulativeReward.sum": {
            "value": -0.33000004291534424,
            "min": -11.798400044441223,
            "max": 4.458400011062622,
            "count": 59
        },
        "SoccerTwos.IsTraining.mean": {
            "value": 1.0,
            "min": 1.0,
            "max": 1.0,
            "count": 59
        },
        "SoccerTwos.IsTraining.sum": {
            "value": 1.0,
            "min": 1.0,
            "max": 1.0,
            "count": 59
        },
        "SoccerTwos.Losses.PolicyLoss.mean": {
            "value": 0.017977702959130207,
            "min": 0.011009345944573094,
            "max": 0.018431490697548725,
            "count": 27
        },
        "SoccerTwos.Losses.PolicyLoss.sum": {
            "value": 0.017977702959130207,
            "min": 0.011009345944573094,
            "max": 0.018431490697548725,
            "count": 27
        },
        "SoccerTwos.Losses.ValueLoss.mean": {
            "value": 0.0017990287616460896,
            "min": 0.0012299720178513478,
            "max": 0.010597850382328033,
            "count": 27
        },
        "SoccerTwos.Losses.ValueLoss.sum": {
            "value": 0.0017990287616460896,
            "min": 0.0012299720178513478,
            "max": 0.010597850382328033,
            "count": 27
        },
        "SoccerTwos.Losses.BaselineLoss.mean": {
            "value": 0.0018043336914464211,
            "min": 0.0013225610581381866,
            "max": 0.01072979715342323,
            "count": 27
        },
        "SoccerTwos.Losses.BaselineLoss.sum": {
            "value": 0.0018043336914464211,
            "min": 0.0013225610581381866,
            "max": 0.01072979715342323,
            "count": 27
        },
        "SoccerTwos.Policy.LearningRate.mean": {
            "value": 0.0003,
            "min": 0.0003,
            "max": 0.0003,
            "count": 27
        },
        "SoccerTwos.Policy.LearningRate.sum": {
            "value": 0.0003,
            "min": 0.0003,
            "max": 0.0003,
            "count": 27
        },
        "SoccerTwos.Policy.Epsilon.mean": {
            "value": 0.20000000000000007,
            "min": 0.20000000000000007,
            "max": 0.20000000000000007,
            "count": 27
        },
        "SoccerTwos.Policy.Epsilon.sum": {
            "value": 0.20000000000000007,
            "min": 0.20000000000000007,
            "max": 0.20000000000000007,
            "count": 27
        },
        "SoccerTwos.Policy.Beta.mean": {
            "value": 0.005000000000000001,
            "min": 0.005000000000000001,
            "max": 0.005000000000000001,
            "count": 27
        },
        "SoccerTwos.Policy.Beta.sum": {
            "value": 0.005000000000000001,
            "min": 0.005000000000000001,
            "max": 0.005000000000000001,
            "count": 27
        }
    },
    "metadata": {
        "timer_format_version": "0.1.0",
        "start_time_seconds": "1730983755",
        "python_version": "3.10.0 (tags/v3.10.0:b494f59, Oct  4 2021, 19:00:18) [MSC v.1929 64 bit (AMD64)]",
        "command_line_arguments": "C:\\Users\\ronad\\Documents\\project2S1\\AIML12\\Project\\venv\\Scripts\\mlagents-learn config\\config.yaml --run-id=TestT72",
        "mlagents_version": "0.30.0",
        "mlagents_envs_version": "0.30.0",
        "communication_protocol_version": "1.5.0",
        "pytorch_version": "2.4.1+cpu",
        "numpy_version": "1.21.2",
        "end_time_seconds": "1730984919"
    },
    "total": 1164.1042845000047,
    "count": 1,
    "self": 0.005085699958726764,
    "children": {
        "run_training.setup": {
            "total": 0.058818900026381016,
            "count": 1,
            "self": 0.058818900026381016
        },
        "TrainerController.start_learning": {
            "total": 1164.0403799000196,
            "count": 1,
            "self": 0.7887878961046226,
            "children": {
                "TrainerController._reset_env": {
                    "total": 35.659713300003204,
                    "count": 3,
                    "self": 35.659713300003204
                },
                "TrainerController.advance": {
                    "total": 1127.4939070038963,
                    "count": 38539,
                    "self": 0.7748236952465959,
                    "children": {
                        "env_step": {
                            "total": 716.1222019016277,
                            "count": 38539,
                            "self": 559.1547337129014,