{
    "name": "root",
    "gauges": {
        "SoccerTwos.Policy.Entropy.mean": {
            "value": 2.8942229747772217,
            "min": 2.8890492916107178,
            "max": 3.295804262161255,
            "count": 50
        },
        "SoccerTwos.Policy.Entropy.sum": {
            "value": 28432.845703125,
            "min": 28432.845703125,
            "max": 33885.68359375,
            "count": 50
        },
        "SoccerTwos.Step.mean": {
            "value": 499996.0,
            "min": 9984.0,
            "max": 499996.0,
            "count": 50
        },
        "SoccerTwos.Step.sum": {
            "value": 499996.0,
            "min": 9984.0,
            "max": 499996.0,
            "count": 50
        },
        "SoccerTwos.Policy.ExtrinsicBaselineEstimate.mean": {
            "value": 0.0026656680274754763,
            "min": 0.0026656680274754763,
            "max": 0.07730159163475037,
            "count": 50
        },
        "SoccerTwos.Policy.ExtrinsicBaselineEstimate.sum": {
            "value": 0.429172545671463,
            "min": 0.429172545671463,
            "max": 12.445555686950684,
            "count": 50
        },
        "SoccerTwos.Policy.ExtrinsicValueEstimate.mean": {
            "value": 0.0026979136746376753,
            "min": 0.0026979136746376753,
            "max": 0.07739627361297607,
            "count": 50
        },
        "SoccerTwos.Policy.ExtrinsicValueEstimate.sum": {
            "value": 0.43436411023139954,
            "min": 0.43436411023139954,
            "max": 12.460800170898438,
            "count": 50
        },
        "SoccerTwos.IsTraining.mean": {
            "value": 1.0,
            "min": 1.0,
            "max": 1.0,
            "count": 50
        },
        "SoccerTwos.IsTraining.sum": {
            "value": 1.0,
            "min": 1.0,
            "max": 1.0,
            "count": 50
        },
        "SoccerTwos.Losses.PolicyLoss.mean": {
            "value": 0.02204340779571794,
            "min": 0.015931044022242227,
            "max": 0.032090470350037016,
            "count": 47
        },
        "SoccerTwos.Losses.PolicyLoss.sum": {
            "value": 0.02204340779571794,
            "min": 0.015931044022242227,
            "max": 0.032090470350037016,
            "count": 47
        },
        "SoccerTwos.Losses.ValueLoss.mean": {
            "value": 2.4506261127044126e-07,
            "min": 2.4506261127044126e-07,
            "max": 0.007751079571122924,
            "count": 47
        },
        "SoccerTwos.Losses.ValueLoss.sum": {
            "value": 2.4506261127044126e-07,
            "min": 2.4506261127044126e-07,
            "max": 0.007751079571122924,
            "count": 47
        },
        "SoccerTwos.Losses.BaselineLoss.mean": {
            "value": 2.39112260658203e-07,
            "min": 2.39112260658203e-07,
            "max": 0.008218092719713847,
            "count": 47
        },
        "SoccerTwos.Losses.BaselineLoss.sum": {
            "value": 2.39112260658203e-07,
            "min": 2.39112260658203e-07,
            "max": 0.008218092719713847,
            "count": 47
        },
        "SoccerTwos.Policy.LearningRate.mean": {
            "value": 2.0296097970399978e-05,
            "min": 2.0296097970399978e-05,
            "max": 0.0009754240024575999,
            "count": 47
        },
        "SoccerTwos.Policy.LearningRate.sum": {
            "value": 2.0296097970399978e-05,
            "min": 2.0296097970399978e-05,
            "max": 0.0009754240024575999,
            "count": 47
        },
        "SoccerTwos.Policy.Epsilon.mean": {
            "value": 0.10202959999999997,
            "min": 0.10202959999999997,
            "max": 0.19754239999999998,
            "count": 47
        },
        "SoccerTwos.Policy.Epsilon.sum": {
            "value": 0.10202959999999997,
            "min": 0.10202959999999997,
            "max": 0.19754239999999998,
            "count": 47
        },
        "SoccerTwos.Policy.Beta.mean": {
            "value": 0.00011127703999999988,
            "min": 0.00011127703999999988,
            "max": 0.00487736576,
            "count": 47
        },
        "SoccerTwos.Policy.Beta.sum": {
            "value": 0.00011127703999999988,
            "min": 0.00011127703999999988,
            "max": 0.00487736576,
            "count": 47
        },
        "SoccerTwos.Environment.EpisodeLength.mean": {
            "value": 999.0,
            "min": 487.3333333333333,
            "max": 999.0,
            "count": 49
        },
        "SoccerTwos.Environment.EpisodeLength.sum": {
            "value": 11988.0,
            "min": 3028.0,
            "max": 21968.0,
            "count": 49
        },
        "SoccerTwos.Environment.CumulativeReward.mean": {
            "value": 0.0,
            "min": 0.0,
            "max": 0.0,
            "count": 49
        },
        "SoccerTwos.Environment.CumulativeReward.sum": {
            "value": 0.0,
            "min": 0.0,
            "max": 0.0,
            "count": 49
        },
        "SoccerTwos.Policy.ExtrinsicReward.mean": {
            "value": 0.0,
            "min": -0.1095999926328659,
            "max": 0.8636000081896782,
            "count": 49
        },
        "SoccerTwos.Policy.ExtrinsicReward.sum": {
            "value": 0.0,
            "min": -0.8767999410629272,
            "max": 17.736800253391266,
            "count": 49
        },
        "SoccerTwos.Environment.GroupCumulativeReward.mean": {
            "value": 0.0,
            "min": -0.1095999926328659,
            "max": 0.8636000081896782,
            "count": 49
        },
        "SoccerTwos.Environment.GroupCumulativeReward.sum": {
            "value": 0.0,
            "min": -0.8767999410629272,
            "max": 17.736800253391266,
            "count": 49
        }
    },
    "metadata": {
        "timer_format_version": "0.1.0",
        "start_time_seconds": "1730971993",
        "python_version": "3.10.0 (tags/v3.10.0:b494f59, Oct  4 2021, 19:00:18) [MSC v.1929 64 bit (AMD64)]",
        "command_line_arguments": "C:\\Users\\ronad\\Documents\\project2S1\\AIML12\\Project\\venv\\Scripts\\mlagents-learn config\\config.yaml --run-id=TestT60",
        "mlagents_version": "0.30.0",
        "mlagents_envs_version": "0.30.0",
        "communication_protocol_version": "1.5.0",
        "pytorch_version": "2.4.1+cpu",
        "numpy_version": "1.21.2",
        "end_time_seconds": "1730972548"
    },
    "total": 554.5149112000363,
    "count": 1,
    "self": 0.01541759999236092,
    "children": {
        "run_training.setup": {
            "total": 0.08791890001157299,
            "count": 1,
            "self": 0.08791890001157299
        },
        "TrainerController.start_learning": {
            "total": 554.4115747000324,
            "count": 1,
            "self": 0.30086699937237427,
            "children": {
                "TrainerController._reset_env": {
                    "total": 48.144972300040536,
                    "count": 1,
                    "self": 48.144972300040536
                },
                "TrainerController.advance": {
                    "total": 505.8999647006276,
                    "count": 15725,
                    "self": 0.30930630245711654,
                    "children": {
                        "env_step": {
                            "total": 245.22511979955016,
                            "count": 15725,
                            "self": 186.03396480053198,
                            "children": {
                                "SubprocessEnvManager._take_step": {
                                    "total": 58.99577549670357,
                                    "count": 15725,
                                    "self": 2.1911384956911206,
                                    "children": {
                                        "TorchPolicy.evaluate": {
                                            "total": 56.80463700101245,