{
    "name": "root",
    "gauges": {
        "SoccerTwos.Policy.Entropy.mean": {
            "value": 3.0642893314361572,
            "min": 3.0642893314361572,
            "max": 3.2957253456115723,
            "count": 52
        },
        "SoccerTwos.Policy.Entropy.sum": {
            "value": 53245.08984375,
            "min": 16015.23046875,
            "max": 173545.5,
            "count": 52
        },
        "SoccerTwos.Environment.EpisodeLength.mean": {
            "value": 575.0,
            "min": 291.27777777777777,
            "max": 964.2,
            "count": 52
        },
        "SoccerTwos.Environment.EpisodeLength.sum": {
            "value": 20700.0,
            "min": 7420.0,
            "max": 41992.0,
            "count": 52
        },
        "SoccerTwos.Self-play.ELO.mean": {
            "value": 1214.6149918585036,
            "min": 1200.4971269630323,
            "max": 1215.5747629401994,
            "count": 52
        },
        "SoccerTwos.Self-play.ELO.sum": {
            "value": 17004.60988601905,
            "min": 2401.9857080301977,
            "max": 38595.03482229568,
            "count": 52
        },
        "SoccerTwos.Step.mean": {
            "value": 529850.0,
            "min": 9994.0,
            "max": 529850.0,
            "count": 53
        },
        "SoccerTwos.Step.sum": {
            "value": 529850.0,
            "min": 9994.0,
            "max": 529850.0,
            "count": 53
        },
        "SoccerTwos.Policy.ExtrinsicBaselineEstimate.mean": {
            "value": 0.08350782096385956,
            "min": 0.0169574785977602,
            "max": 0.12699677050113678,
            "count": 53
        },
        "SoccerTwos.Policy.ExtrinsicBaselineEstimate.sum": {
            "value": 1.419632911682129,
            "min": 0.27238157391548157,
            "max": 2.9594779014587402,
            "count": 53
        },
        "SoccerTwos.Policy.ExtrinsicValueEstimate.mean": {
            "value": 0.09206278622150421,
            "min": 0.013659422285854816,
            "max": 0.15197092294692993,
            "count": 53
        },
        "SoccerTwos.Policy.ExtrinsicValueEstimate.sum": {
            "value": 1.5650674104690552,
            "min": 0.2610050141811371,
            "max": 3.191389322280884,
            "count": 53
        },
        "SoccerTwos.Environment.CumulativeReward.mean": {
            "value": 0.0,
            "min": 0.0,
            "max": 0.0,
            "count": 53
        },
        "SoccerTwos.Environment.CumulativeReward.sum": {
            "value": 0.0,
            "min": 0.0,
            "max": 0.0,
            "count": 53
        },
        "SoccerTwos.Policy.ExtrinsicReward.mean": {
            "value": 0.336588252993191,
            "min": -0.19254285735743387,
            "max": 1.7029090848836033,
            "count": 53
        },
        "SoccerTwos.Policy.ExtrinsicReward.sum": {
            "value": 5.722000300884247,
            "min": -2.8241998851299286,
            "max": 18.731999933719635,
            "count": 53
        },
        "SoccerTwos.Environment.GroupCumulativeReward.mean": {
            "value": 0.336588252993191,
            "min": -0.19254285735743387,
            "max": 1.7029090848836033,
            "count": 53
        },
        "SoccerTwos.Environment.GroupCumulativeReward.sum": {
            "value": 5.722000300884247,
            "min": -2.8241998851299286,
            "max": 18.731999933719635,
            "count": 53
        },
        "SoccerTwos.IsTraining.mean": {
            "value": 1.0,
            "min": 1.0,
            "max": 1.0,
            "count": 53
        },
        "SoccerTwos.IsTraining.sum": {
            "value": 1.0,
            "min": 1.0,
            "max": 1.0,
            "count": 53
        },
        "SoccerTwos.Losses.PolicyLoss.mean": {
            "value": 0.017413506202283314,
            "min": 0.014228289270249661,
            "max": 0.020737945667933674,
            "count": 24
        },
        "SoccerTwos.Losses.PolicyLoss.sum": {
            "value": 0.017413506202283314,
            "min": 0.014228289270249661,
            "max": 0.020737945667933674,
            "count": 24
        },
        "SoccerTwos.Losses.ValueLoss.mean": {
            "value": 0.016462611258029936,
            "min": 0.004300662195309997,
            "max": 0.037970489962026475,
            "count": 24
        },
        "SoccerTwos.Losses.ValueLoss.sum": {
            "value": 0.016462611258029936,
            "min": 0.004300662195309997,
            "max": 0.037970489962026475,
            "count": 24
        },
        "SoccerTwos.Losses.BaselineLoss.mean": {
            "value": 0.016755780316889287,
            "min": 0.0042729776538908484,
            "max": 0.025717007725810013,
            "count": 24
        },
        "SoccerTwos.Losses.BaselineLoss.sum": {
            "value": 0.016755780316889287,
            "min": 0.0042729776538908484,
            "max": 0.025717007725810013,
            "count": 24
        },
        "SoccerTwos.Policy.LearningRate.mean": {
            "value": 0.0009897373210262682,
            "min": 0.0009897373210262682,
            "max": 0.000999472680052732,
            "count": 24
        },
        "SoccerTwos.Policy.LearningRate.sum": {
            "value": 0.0009897373210262682,
            "min": 0.0009897373210262682,
            "max": 0.000999472680052732,
            "count": 24
        },
        "SoccerTwos.Policy.Epsilon.mean": {
            "value": 0.19897373200000004,
            "min": 0.19897373200000004,
            "max": 0.1999472680000001,
            "count": 24
        },
        "SoccerTwos.Policy.Epsilon.sum": {
            "value": 0.19897373200000004,
            "min": 0.19897373200000004,
            "max": 0.1999472680000001,
            "count": 24
        },
        "SoccerTwos.Policy.Beta.mean": {
            "value": 0.009897475826800001,
            "min": 0.009897475826800001,
            "max": 0.0099947320732,
            "count": 24
        },
        "SoccerTwos.Policy.Beta.sum": {
            "value": 0.009897475826800001,
            "min": 0.009897475826800001,
            "max": 0.0099947320732,
            "count": 24
        }
    },
    "metadata": {
        "timer_format_version": "0.1.0",
        "start_time_seconds": "1730720844",
        "python_version": "3.10.0 (tags/v3.10.0:b494f59, Oct  4 2021, 19:00:18) [MSC v.1929 64 bit (AMD64)]",
        "command_line_arguments": "C:\\Users\\ronad\\Documents\\project2S1\\AIML12\\Project\\venv\\Scripts\\mlagents-learn config\\config.yaml --run-id=TestT55",
        "mlagents_version": "0.30.0",
        "mlagents_envs_version": "0.30.0",
        "communication_protocol_version": "1.5.0",
        "pytorch_version": "2.4.1+cpu",
        "numpy_version": "1.21.2",
        "end_time_seconds": "1730722155"
    },
    "total": 1311.087058300007,
    "count": 1,
    "self": 10.007211000018287,
    "children": {
        "run_training.setup": {
            "total": 0.07076969998888671,
            "count": 1,
            "self": 0.07076969998888671
        },
        "TrainerController.start_learning": {
            "total": 1301.0090775999997,
            "count": 1,
            "self": 0.723612899921136,
            "children": {
                "TrainerController._reset_env": {
                    "total": 6.328745800012257,
                    "count": 3,
                    "self": 6.328745800012257
                },
                "TrainerController.advance": {
                    "total": 1293.809657200094,
                    "count": 35541,
                    "self": 0.7469451040087733,
                    "children": {
                        "env_step": {
                            "total": 680.3896912994678,
                            "count": 35541,
                            "self": 529.4438400988001,