{
    "name": "root",
    "gauges": {
        "SoccerTwos.Policy.Entropy.mean": {
            "value": 2.906019687652588,
            "min": 2.906019687652588,
            "max": 3.295804977416992,
            "count": 18
        },
        "SoccerTwos.Policy.Entropy.sum": {
            "value": 29664.6484375,
            "min": 28708.453125,
            "max": 33749.04296875,
            "count": 18
        },
        "SoccerTwos.Step.mean": {
            "value": 179940.0,
            "min": 9984.0,
            "max": 179940.0,
            "count": 18
        },
        "SoccerTwos.Step.sum": {
            "value": 179940.0,
            "min": 9984.0,
            "max": 179940.0,
            "count": 18
        },
        "SoccerTwos.Policy.ExtrinsicBaselineEstimate.mean": {
            "value": -0.13642941415309906,
            "min": -0.18438123166561127,
            "max": 0.013457449153065681,
            "count": 18
        },
        "SoccerTwos.Policy.ExtrinsicBaselineEstimate.sum": {
            "value": -21.692276000976562,
            "min": -30.607284545898438,
            "max": 2.0993621349334717,
            "count": 18
        },
        "SoccerTwos.Policy.ExtrinsicValueEstimate.mean": {
            "value": -0.13294512033462524,
            "min": -0.1924702376127243,
            "max": 0.013457605615258217,
            "count": 18
        },
        "SoccerTwos.Policy.ExtrinsicValueEstimate.sum": {
            "value": -21.138275146484375,
            "min": -31.95005989074707,
            "max": 2.09938645362854,
            "count": 18
        },
        "SoccerTwos.IsTraining.mean": {
            "value": 1.0,
            "min": 1.0,
            "max": 1.0,
            "count": 18
        },
        "SoccerTwos.IsTraining.sum": {
            "value": 1.0,
            "min": 1.0,
            "max": 1.0,
            "count": 18
        },
        "SoccerTwos.Losses.PolicyLoss.mean": {
            "value": 0.03356559610227123,
            "min": 0.0218783501322226,
            "max": 0.03356559610227123,
            "count": 17
        },
        "SoccerTwos.Losses.PolicyLoss.sum": {
            "value": 0.03356559610227123,
            "min": 0.0218783501322226,
            "max": 0.03356559610227123,
            "count": 17
        },
        "SoccerTwos.Losses.ValueLoss.mean": {
            "value": 0.0022877646028064192,
            "min": 0.0022877646028064192,
            "max": 79.81913304529152,
            "count": 17
        },
        "SoccerTwos.Losses.ValueLoss.sum": {
            "value": 0.0022877646028064192,
            "min": 0.0022877646028064192,
            "max": 79.81913304529152,
            "count": 17
        },
        "SoccerTwos.Losses.BaselineLoss.mean": {
            "value": 0.0022890362911857664,
            "min": 0.0022890362911857664,
            "max": 56.44449278402608,
            "count": 17
        },
        "SoccerTwos.Losses.BaselineLoss.sum": {
            "value": 0.0022890362911857664,
            "min": 0.0022890362911857664,
            "max": 56.44449278402608,
            "count": 17
        },
        "SoccerTwos.Policy.LearningRate.mean": {
            "value": 0.0032089200358216,
            "min": 0.0032089200358216,
            "max": 0.0048771200024576,
            "count": 17
        },
        "SoccerTwos.Policy.LearningRate.sum": {
            "value": 0.0032089200358216,
            "min": 0.0032089200358216,
            "max": 0.0048771200024576,
            "count": 17
        },
        "SoccerTwos.Policy.Epsilon.mean": {
            "value": 0.16417840000000003,
            "min": 0.16417840000000003,
            "max": 0.19754239999999998,
            "count": 17
        },
        "SoccerTwos.Policy.Epsilon.sum": {
            "value": 0.16417840000000003,
            "min": 0.16417840000000003,
            "max": 0.19754239999999998,
            "count": 17
        },
        "SoccerTwos.Policy.Beta.mean": {
            "value": 0.00321250216,
            "min": 0.00321250216,
            "max": 0.004877365759999999,
            "count": 17
        },
        "SoccerTwos.Policy.Beta.sum": {
            "value": 0.00321250216,
            "min": 0.00321250216,
            "max": 0.004877365759999999,
            "count": 17
        },
        "SoccerTwos.Environment.EpisodeLength.mean": {
            "value": 999.0,
            "min": 480.3333333333333,
            "max": 999.0,
            "count": 16
        },
        "SoccerTwos.Environment.EpisodeLength.sum": {
            "value": 7992.0,
            "min": 3996.0,
            "max": 22792.0,
            "count": 16
        },
        "SoccerTwos.Environment.CumulativeReward.mean": {
            "value": -0.9000000171363354,
            "min": -2.2166667161509395,
            "max": -0.3666666739930709,
            "count": 16
        },
        "SoccerTwos.Environment.CumulativeReward.sum": {
            "value": -7.200000137090683,
            "min": -53.20000118762255,
            "max": -4.400000087916851,
            "count": 16
        },
        "SoccerTwos.Policy.ExtrinsicReward.mean": {
            "value": -1.8000000268220901,
            "min": -4.491983426734805,
            "max": -0.9125333453218142,
            "count": 16
        },
        "SoccerTwos.Policy.ExtrinsicReward.sum": {
            "value": -14.400000214576721,
            "min": -107.80760224163532,
            "max": -10.95040014386177,
            "count": 16
        },
        "SoccerTwos.Environment.GroupCumulativeReward.mean": {
            "value": 0.0,
            "min": -0.3151250034570694,
            "max": 0.0,
            "count": 16
        },
        "SoccerTwos.Environment.GroupCumulativeReward.sum": {
            "value": 0.0,
            "min": -5.04200005531311,
            "max": 0.0,
            "count": 16
        }
    },
    "metadata": {
        "timer_format_version": "0.1.0",
        "start_time_seconds": "1730378674",
        "python_version": "3.10.0 (tags/v3.10.0:b494f59, Oct  4 2021, 19:00:18) [MSC v.1929 64 bit (AMD64)]",
        "command_line_arguments": "C:\\Users\\ronad\\Documents\\project2S1\\AIML12\\Project\\venv\\Scripts\\mlagents-learn config\\config.yaml --run-id=TestT31",
        "mlagents_version": "0.30.0",
        "mlagents_envs_version": "0.30.0",
        "communication_protocol_version": "1.5.0",
        "pytorch_version": "2.4.1+cpu",
        "numpy_version": "1.21.2",
        "end_time_seconds": "1730380043"
    },
    "total": 1369.1864303,
    "count": 1,
    "self": 0.004251800000020012,
    "children": {
        "run_training.setup": {
            "total": 0.05974079999987225,
            "count": 1,
            "self": 0.05974079999987225
        },
        "TrainerController.start_learning": {
            "total": 1369.1224377,
            "count": 1,
            "self": 0.1411364000141475,
            "children": {
                "TrainerController._reset_env": {
                    "total": 9.027975900000001,
                    "count": 1,
                    "self": 9.027975900000001
                },
                "TrainerController.advance": {
                    "total": 1359.7863611999858,
                    "count": 5993,
                    "self": 0.13812390000816777,
                    "children": {
                        "env_step": {
                            "total": 185.0608569000026,
                            "count": 5993,
                            "self": 153.13492020000444,
                            "children": {
                                "SubprocessEnvManager._take_step": {
                                    "total": 31.836179700010234,
                                    "count": 5993,
                                    "self": 0.8241314000156308,
                                    "children": {
                                        "TorchPolicy.evaluate": {
                                            "total": 31.012048299994603,