{
    "name": "root",
    "gauges": {
        "SoccerTwos.Policy.Entropy.mean": {
            "value": 3.2836694717407227,
            "min": 3.2836694717407227,
            "max": 3.2957406044006348,
            "count": 2
        },
        "SoccerTwos.Policy.Entropy.sum": {
            "value": 22801.80078125,
            "min": 22801.80078125,
            "max": 105463.703125,
            "count": 2
        },
        "SoccerTwos.Environment.EpisodeLength.mean": {
            "value": 405.0,
            "min": 405.0,
            "max": 839.125,
            "count": 2
        },
        "SoccerTwos.Environment.EpisodeLength.sum": {
            "value": 4860.0,
            "min": 4860.0,
            "max": 26852.0,
            "count": 2
        },
        "SoccerTwos.Step.mean": {
            "value": 29756.0,
            "min": 9884.0,
            "max": 29756.0,
            "count": 3
        },
        "SoccerTwos.Step.sum": {
            "value": 29756.0,
            "min": 9884.0,
            "max": 29756.0,
            "count": 3
        },
        "SoccerTwos.Policy.ExtrinsicBaselineEstimate.mean": {
            "value": -0.08540263026952744,
            "min": -0.10420288145542145,
            "max": -0.08540263026952744,
            "count": 3
        },
        "SoccerTwos.Policy.ExtrinsicBaselineEstimate.sum": {
            "value": -1.4518446922302246,
            "min": -1.5628621578216553,
            "max": -1.042028784751892,
            "count": 3
        },
        "SoccerTwos.Policy.ExtrinsicValueEstimate.mean": {
            "value": -0.0828113928437233,
            "min": -0.10420583188533783,
            "max": -0.0828113928437233,
            "count": 3
        },
        "SoccerTwos.Policy.ExtrinsicValueEstimate.sum": {
            "value": -1.407793641090393,
            "min": -1.5628080368041992,
            "max": -1.0420583486557007,
            "count": 3
        },
        "SoccerTwos.Environment.CumulativeReward.mean": {
            "value": 0.0,
            "min": 0.0,
            "max": 0.0,
            "count": 3
        },
        "SoccerTwos.Environment.CumulativeReward.sum": {
            "value": 0.0,
            "min": 0.0,
            "max": 0.0,
            "count": 3
        },
        "SoccerTwos.Policy.ExtrinsicReward.mean": {
            "value": 0.2605999962371938,
            "min": 0.2605999962371938,
            "max": 0.600000003973643,
            "count": 3
        },
        "SoccerTwos.Policy.ExtrinsicReward.sum": {
            "value": 4.430199936032295,
            "min": 4.291000064462423,
            "max": 9.000000059604645,
            "count": 3
        },
        "SoccerTwos.Environment.GroupCumulativeReward.mean": {
            "value": 0.2605999962371938,
            "min": 0.2605999962371938,
            "max": 0.600000003973643,
            "count": 3
        },
        "SoccerTwos.Environment.GroupCumulativeReward.sum": {
            "value": 4.430199936032295,
            "min": 4.291000064462423,
            "max": 9.000000059604645,
            "count": 3
        },
        "SoccerTwos.IsTraining.mean": {
            "value": 1.0,
            "min": 1.0,
            "max": 1.0,
            "count": 3
        },
        "SoccerTwos.IsTraining.sum": {
            "value": 1.0,
            "min": 1.0,
            "max": 1.0,
            "count": 3
        },
        "SoccerTwos.Losses.PolicyLoss.mean": {
            "value": 0.016195864581207458,
            "min": 0.016195864581207458,
            "max": 0.016195864581207458,
            "count": 1
        },
        "SoccerTwos.Losses.PolicyLoss.sum": {
            "value": 0.016195864581207458,
            "min": 0.016195864581207458,
            "max": 0.016195864581207458,
            "count": 1
        },
        "SoccerTwos.Losses.ValueLoss.mean": {
            "value": 0.005111583795111913,
            "min": 0.005111583795111913,
            "max": 0.005111583795111913,
            "count": 1
        },
        "SoccerTwos.Losses.ValueLoss.sum": {
            "value": 0.005111583795111913,
            "min": 0.005111583795111913,
            "max": 0.005111583795111913,
            "count": 1
        },
        "SoccerTwos.Losses.BaselineLoss.mean": {
            "value": 0.0046008523995391066,
            "min": 0.0046008523995391066,
            "max": 0.0046008523995391066,
            "count": 1
        },
        "SoccerTwos.Losses.BaselineLoss.sum": {
            "value": 0.0046008523995391066,
            "min": 0.0046008523995391066,
            "max": 0.0046008523995391066,
            "count": 1
        },
        "SoccerTwos.Policy.LearningRate.mean": {
            "value": 0.0003,
            "min": 0.0003,
            "max": 0.0003,
            "count": 1
        },
        "SoccerTwos.Policy.LearningRate.sum": {
            "value": 0.0003,
            "min": 0.0003,
            "max": 0.0003,
            "count": 1
        },
        "SoccerTwos.Policy.Epsilon.mean": {
            "value": 0.20000000000000004,
            "min": 0.20000000000000004,
            "max": 0.20000000000000004,
            "count": 1
        },
        "SoccerTwos.Policy.Epsilon.sum": {
            "value": 0.20000000000000004,
            "min": 0.20000000000000004,
            "max": 0.20000000000000004,
            "count": 1
        },
        "SoccerTwos.Policy.Beta.mean": {
            "value": 0.005000000000000001,
            "min": 0.005000000000000001,
            "max": 0.005000000000000001,
            "count": 1
        },
        "SoccerTwos.Policy.Beta.sum": {
            "value": 0.005000000000000001,
            "min": 0.005000000000000001,
            "max": 0.005000000000000001,
            "count": 1
        }
    },
    "metadata": {
        "timer_format_version": "0.1.0",
        "start_time_seconds": "1730973732",
        "python_version": "3.10.0 (tags/v3.10.0:b494f59, Oct  4 2021, 19:00:18) [MSC v.1929 64 bit (AMD64)]",
        "command_line_arguments": "C:\\Users\\ronad\\Documents\\project2S1\\AIML12\\Project\\venv\\Scripts\\mlagents-learn config\\config.yaml --run-id=TestT62",
        "mlagents_version": "0.30.0",
        "mlagents_envs_version": "0.30.0",
        "communication_protocol_version": "1.5.0",
        "pytorch_version": "2.4.1+cpu",
        "numpy_version": "1.21.2",
        "end_time_seconds": "1730973802"
    },
    "total": 70.43196350004291,
    "count": 1,
    "self": 10.004994100076146,
    "children": {
        "run_training.setup": {
            "total": 0.053777199995238334,
            "count": 1,
            "self": 0.053777199995238334
        },
        "TrainerController.start_learning": {
            "total": 60.37319219997153,
            "count": 1,
            "self": 0.032869799761101604,
            "children": {
                "TrainerController._reset_env": {
                    "total": 4.408486400032416,
                    "count": 1,
                    "self": 4.408486400032416
                },
                "TrainerController.advance": {
                    "total": 55.74836860015057,
                    "count": 1706,
                    "self": 0.03565440233796835,
                    "children": {
                        "env_step": {
                            "total": 35.29293859889731,
                            "count": 1706,
                            "self": 28.004618595237844,
                            "children": {
                                "SubprocessEnvManager._take_step": {
                                    "total": 7.266445502114948,
                                    "count": 1707,
                                    "self": 0.19752050144597888,
                                    "children": {
                                        "TorchPolicy.evaluate": {
                                            "total": 7.068925000668969,
                                            "count": 3402,