{
    "name": "root",
    "gauges": {
        "SoccerTwos.Policy.Entropy.mean": {
            "value": 3.1715824604034424,
            "min": 3.1535682678222656,
            "max": 3.295734405517578,
            "count": 77
        },
        "SoccerTwos.Policy.Entropy.sum": {
            "value": 75915.0,
            "min": 14785.3984375,
            "max": 105463.3984375,
            "count": 77
        },
        "SoccerTwos.Environment.EpisodeLength.mean": {
            "value": 875.3333333333334,
            "min": 494.7,
            "max": 999.0,
            "count": 77
        },
        "SoccerTwos.Environment.EpisodeLength.sum": {
            "value": 21008.0,
            "min": 14168.0,
            "max": 27232.0,
            "count": 77
        },
        "SoccerTwos.Self-play.ELO.mean": {
            "value": 1205.6348027950044,
            "min": 1198.5231955506654,
            "max": 1209.8229422878703,
            "count": 56
        },
        "SoccerTwos.Self-play.ELO.sum": {
            "value": 2411.2696055900087,
            "min": 2398.0363381311217,
            "max": 14395.678154841551,
            "count": 56
        },
        "SoccerTwos.Step.mean": {
            "value": 769484.0,
            "min": 9636.0,
            "max": 769484.0,
            "count": 77
        },
        "SoccerTwos.Step.sum": {
            "value": 769484.0,
            "min": 9636.0,
            "max": 769484.0,
            "count": 77
        },
        "SoccerTwos.Policy.ExtrinsicBaselineEstimate.mean": {
            "value": 0.019591154530644417,
            "min": 0.011441126465797424,
            "max": 0.08354976028203964,
            "count": 77
        },
        "SoccerTwos.Policy.ExtrinsicBaselineEstimate.sum": {
            "value": 0.21550270915031433,
            "min": 0.11441126465797424,
            "max": 1.3367961645126343,
            "count": 77
        },
        "SoccerTwos.Policy.ExtrinsicValueEstimate.mean": {
            "value": 0.02010064199566841,
            "min": 0.00921623781323433,
            "max": 0.08351197093725204,
            "count": 77
        },
        "SoccerTwos.Policy.ExtrinsicValueEstimate.sum": {
            "value": 0.22110706567764282,
            "min": 0.09660427272319794,
            "max": 1.3361915349960327,
            "count": 77
        },
        "SoccerTwos.Environment.CumulativeReward.mean": {
            "value": 0.0,
            "min": 0.0,
            "max": 0.0,
            "count": 77
        },
        "SoccerTwos.Environment.CumulativeReward.sum": {
            "value": 0.0,
            "min": 0.0,
            "max": 0.0,
            "count": 77
        },
        "SoccerTwos.Policy.ExtrinsicReward.mean": {
            "value": 0.03636364232410084,
            "min": -0.2011999897658825,
            "max": 0.5827333591878414,
            "count": 77
        },
        "SoccerTwos.Policy.ExtrinsicReward.sum": {
            "value": 0.40000006556510925,
            "min": -2.41439987719059,
            "max": 6.992800310254097,
            "count": 77
        },
        "SoccerTwos.Environment.GroupCumulativeReward.mean": {
            "value": 0.03636364232410084,
            "min": -0.2011999897658825,
            "max": 0.5827333591878414,
            "count": 77
        },
        "SoccerTwos.Environment.GroupCumulativeReward.sum": {
            "value": 0.40000006556510925,
            "min": -2.41439987719059,
            "max": 6.992800310254097,
            "count": 77
        },
        "SoccerTwos.IsTraining.mean": {
            "value": 1.0,
            "min": 1.0,
            "max": 1.0,
            "count": 77
        },
        "SoccerTwos.IsTraining.sum": {
            "value": 1.0,
            "min": 1.0,
            "max": 1.0,
            "count": 77
        },
        "SoccerTwos.Losses.PolicyLoss.mean": {
            "value": 0.016966657305601984,
            "min": 0.011976634065892238,
            "max": 0.02151457730603094,
            "count": 36
        },
        "SoccerTwos.Losses.PolicyLoss.sum": {
            "value": 0.016966657305601984,
            "min": 0.011976634065892238,
            "max": 0.02151457730603094,
            "count": 36
        },
        "SoccerTwos.Losses.ValueLoss.mean": {
            "value": 0.0025788216890456775,
            "min": 0.0002618552694912069,
            "max": 0.005784508306533098,
            "count": 36
        },
        "SoccerTwos.Losses.ValueLoss.sum": {
            "value": 0.0025788216890456775,
            "min": 0.0002618552694912069,
            "max": 0.005784508306533098,
            "count": 36
        },
        "SoccerTwos.Losses.BaselineLoss.mean": {
            "value": 0.002608742444620778,
            "min": 0.00026305244440057624,
            "max": 0.005413030336300532,
            "count": 36
        },
        "SoccerTwos.Losses.BaselineLoss.sum": {
            "value": 0.002608742444620778,
            "min": 0.00026305244440057624,
            "max": 0.005413030336300532,
            "count": 36
        },
        "SoccerTwos.Policy.LearningRate.mean": {
            "value": 0.0003,
            "min": 0.0003,
            "max": 0.0003,
            "count": 36
        },
        "SoccerTwos.Policy.LearningRate.sum": {
            "value": 0.0003,
            "min": 0.0003,
            "max": 0.0003,
            "count": 36
        },
        "SoccerTwos.Policy.Epsilon.mean": {
            "value": 0.20000000000000007,
            "min": 0.20000000000000007,
            "max": 0.20000000000000007,
            "count": 36
        },
        "SoccerTwos.Policy.Epsilon.sum": {
            "value": 0.20000000000000007,
            "min": 0.20000000000000007,
            "max": 0.20000000000000007,
            "count": 36
        },
        "SoccerTwos.Policy.Beta.mean": {
            "value": 0.005000000000000001,
            "min": 0.005000000000000001,
            "max": 0.005000000000000001,
            "count": 36
        },
        "SoccerTwos.Policy.Beta.sum": {
            "value": 0.005000000000000001,
            "min": 0.005000000000000001,
            "max": 0.005000000000000001,
            "count": 36
        }
    },
    "metadata": {
        "timer_format_version": "0.1.0",
        "start_time_seconds": "1730714752",
        "python_version": "3.10.0 (tags/v3.10.0:b494f59, Oct  4 2021, 19:00:18) [MSC v.1929 64 bit (AMD64)]",
        "command_line_arguments": "C:\\Users\\ronad\\Documents\\project2S1\\AIML12\\Project\\venv\\Scripts\\mlagents-learn config\\config.yaml --run-id=TestT50",
        "mlagents_version": "0.30.0",
        "mlagents_envs_version": "0.30.0",
        "communication_protocol_version": "1.5.0",
        "pytorch_version": "2.4.1+cpu",
        "numpy_version": "1.21.2",
        "end_time_seconds": "1730716462"
    },
    "total": 1710.1581631000154,
    "count": 1,
    "self": 0.005638000031467527,
    "children": {
        "run_training.setup": {
            "total": 0.0982644000032451,
            "count": 1,
            "self": 0.0982644000032451
        },
        "TrainerController.start_learning": {
            "total": 1710.0542606999807,
            "count": 1,
            "self": 1.2118558015790768,
            "children": {
                "TrainerController._reset_env": {
                    "total": 8.755096699984279,
                    "count": 4,
                    "self": 8.755096699984279
                },
                "TrainerController.advance": {
                    "total": 1699.9608293984202,
                    "count": 50650,
                    "self": 1.2153490013151895,
                    "children": {
                        "env_step": {
                            "total": 1020.0623075993208,
                            "count": 50650,
                            "self": 752.6281716970261,