{
    "name": "root",
    "gauges": {
        "SoccerTwos.Policy.Entropy.mean": {
            "value": 3.193446159362793,
            "min": 3.193446159362793,
            "max": 3.2958035469055176,
            "count": 7
        },
        "SoccerTwos.Policy.Entropy.sum": {
            "value": 31168.03515625,
            "min": 31168.03515625,
            "max": 33749.02734375,
            "count": 7
        },
        "SoccerTwos.Step.mean": {
            "value": 69984.0,
            "min": 9956.0,
            "max": 69984.0,
            "count": 7
        },
        "SoccerTwos.Step.sum": {
            "value": 69984.0,
            "min": 9956.0,
            "max": 69984.0,
            "count": 7
        },
        "SoccerTwos.Policy.ExtrinsicBaselineEstimate.mean": {
            "value": -0.09441275149583817,
            "min": -0.09597501158714294,
            "max": 0.03351852670311928,
            "count": 7
        },
        "SoccerTwos.Policy.ExtrinsicBaselineEstimate.sum": {
            "value": -15.578104019165039,
            "min": -15.578104019165039,
            "max": 5.329445838928223,
            "count": 7
        },
        "SoccerTwos.Policy.ExtrinsicValueEstimate.mean": {
            "value": -0.09797970205545425,
            "min": -0.09797970205545425,
            "max": 0.03351794555783272,
            "count": 7
        },
        "SoccerTwos.Policy.ExtrinsicValueEstimate.sum": {
            "value": -16.166650772094727,
            "min": -16.166650772094727,
            "max": 5.329353332519531,
            "count": 7
        },
        "SoccerTwos.Environment.EpisodeLength.mean": {
            "value": 999.0,
            "min": 57.0,
            "max": 999.0,
            "count": 7
        },
        "SoccerTwos.Environment.EpisodeLength.sum": {
            "value": 23976.0,
            "min": 228.0,
            "max": 27972.0,
            "count": 7
        },
        "SoccerTwos.Environment.CumulativeReward.mean": {
            "value": -0.9727272933179681,
            "min": -2.089285757392645,
            "max": -0.10000000149011612,
            "count": 7
        },
        "SoccerTwos.Environment.CumulativeReward.sum": {
            "value": -21.4000004529953,
            "min": -58.50000120699406,
            "max": -0.4000000059604645,
            "count": 7
        },
        "SoccerTwos.Policy.ExtrinsicReward.mean": {
            "value": -1.9454545873132618,
            "min": -4.17857150254505,
            "max": -0.22909998893737793,
            "count": 7
        },
        "SoccerTwos.Policy.ExtrinsicReward.sum": {
            "value": -42.80000092089176,
            "min": -117.0000020712614,
            "max": -0.9163999557495117,
            "count": 7
        },
        "SoccerTwos.Environment.GroupCumulativeReward.mean": {
            "value": 0.0,
            "min": -0.3067000061273575,
            "max": 0.0,
            "count": 7
        },
        "SoccerTwos.Environment.GroupCumulativeReward.sum": {
            "value": 0.0,
            "min": -1.22680002450943,
            "max": 0.0,
            "count": 7
        },
        "SoccerTwos.IsTraining.mean": {
            "value": 1.0,
            "min": 1.0,
            "max": 1.0,
            "count": 7
        },
        "SoccerTwos.IsTraining.sum": {
            "value": 1.0,
            "min": 1.0,
            "max": 1.0,
            "count": 7
        },
        "SoccerTwos.Losses.PolicyLoss.mean": {
            "value": 0.02094414290234757,
            "min": 0.01859598873804013,
            "max": 0.025091705098748206,
            "count": 6
        },
        "SoccerTwos.Losses.PolicyLoss.sum": {
            "value": 0.02094414290234757,
            "min": 0.01859598873804013,
            "max": 0.025091705098748206,
            "count": 6
        },
        "SoccerTwos.Losses.ValueLoss.mean": {
            "value": 0.0015876304707489908,
            "min": 0.0015876304707489908,
            "max": 0.010683230683207512,
            "count": 6
        },
        "SoccerTwos.Losses.ValueLoss.sum": {
            "value": 0.0015876304707489908,
            "min": 0.0015876304707489908,
            "max": 0.010683230683207512,
            "count": 6
        },
        "SoccerTwos.Losses.BaselineLoss.mean": {
            "value": 0.0016361639446889362,
            "min": 0.0016361639446889362,
            "max": 0.01068976940587163,
            "count": 6
        },
        "SoccerTwos.Losses.BaselineLoss.sum": {
            "value": 0.0016361639446889362,
            "min": 0.0016361639446889362,
            "max": 0.01068976940587163,
            "count": 6
        },
        "SoccerTwos.Policy.LearningRate.mean": {
            "value": 0.0008740800125919999,
            "min": 0.0008740800125919999,
            "max": 0.0009794480020552001,
            "count": 6
        },
        "SoccerTwos.Policy.LearningRate.sum": {
            "value": 0.0008740800125919999,
            "min": 0.0008740800125919999,
            "max": 0.0009794480020552001,
            "count": 6
        },
        "SoccerTwos.Policy.Epsilon.mean": {
            "value": 0.18740799999999994,
            "min": 0.18740799999999994,
            "max": 0.19794480000000003,
            "count": 6
        },
        "SoccerTwos.Policy.Epsilon.sum": {
            "value": 0.18740799999999994,
            "min": 0.18740799999999994,
            "max": 0.19794480000000003,
            "count": 6
        },
        "SoccerTwos.Policy.Beta.mean": {
            "value": 0.0043716592,
            "min": 0.0043716592,
            "max": 0.004897445519999998,
            "count": 6
        },
        "SoccerTwos.Policy.Beta.sum": {
            "value": 0.0043716592,
            "min": 0.0043716592,
            "max": 0.004897445519999998,
            "count": 6
        }
    },
    "metadata": {
        "timer_format_version": "0.1.0",
        "start_time_seconds": "1730378432",
        "python_version": "3.10.0 (tags/v3.10.0:b494f59, Oct  4 2021, 19:00:18) [MSC v.1929 64 bit (AMD64)]",
        "command_line_arguments": "C:\\Users\\ronad\\Documents\\project2S1\\AIML12\\Project\\venv\\Scripts\\mlagents-learn config\\config.yaml --run-id=TestT30",
        "mlagents_version": "0.30.0",
        "mlagents_envs_version": "0.30.0",
        "communication_protocol_version": "1.5.0",
        "pytorch_version": "2.4.1+cpu",
        "numpy_version": "1.21.2",
        "end_time_seconds": "1730378665"
    },
    "total": 233.52220140000009,
    "count": 1,
    "self": 10.007852899999989,
    "children": {
        "run_training.setup": {
            "total": 0.18889310000008663,
            "count": 1,
            "self": 0.18889310000008663
        },
        "TrainerController.start_learning": {
            "total": 223.3254554,
            "count": 1,
            "self": 0.07819839999729084,
            "children": {
                "TrainerController._reset_env": {
                    "total": 10.846078600000055,
                    "count": 1,
                    "self": 10.846078600000055
                },
                "TrainerController.advance": {
                    "total": 212.11987020000265,
                    "count": 2371,
                    "self": 0.08896580000759968,
                    "children": {
                        "env_step": {
                            "total": 100.18756440000016,
                            "count": 2371,
                            "self": 83.39206800000147,
                            "children": {
                                "SubprocessEnvManager._take_step": {
                                    "total": 16.74491979999698,
                                    "count": 2372,
                                    "self": 0.5613943999883304,
                                    "children": {
                                        "TorchPolicy.evaluate": {
                                            "total": 16.183525400008648,