{
    "name": "root",
    "gauges": {
        "SoccerTwos.Policy.Entropy.mean": {
            "value": 3.0379040241241455,
            "min": 3.0133042335510254,
            "max": 3.2958083152770996,
            "count": 50
        },
        "SoccerTwos.Policy.Entropy.sum": {
            "value": 29941.58203125,
            "min": 29241.9609375,
            "max": 33749.078125,
            "count": 50
        },
        "SoccerTwos.Step.mean": {
            "value": 499984.0,
            "min": 9972.0,
            "max": 499984.0,
            "count": 50
        },
        "SoccerTwos.Step.sum": {
            "value": 499984.0,
            "min": 9972.0,
            "max": 499984.0,
            "count": 50
        },
        "SoccerTwos.Policy.ExtrinsicBaselineEstimate.mean": {
            "value": -0.020056145265698433,
            "min": -0.16595757007598877,
            "max": -0.015186334028840065,
            "count": 50
        },
        "SoccerTwos.Policy.ExtrinsicBaselineEstimate.sum": {
            "value": -3.2691516876220703,
            "min": -27.217041015625,
            "max": -2.3994407653808594,
            "count": 50
        },
        "SoccerTwos.Policy.ExtrinsicValueEstimate.mean": {
            "value": -0.01975233107805252,
            "min": -0.17081840336322784,
            "max": -0.015123484656214714,
            "count": 50
        },
        "SoccerTwos.Policy.ExtrinsicValueEstimate.sum": {
            "value": -3.219630002975464,
            "min": -28.014217376708984,
            "max": -2.3895106315612793,
            "count": 50
        },
        "SoccerTwos.Environment.EpisodeLength.mean": {
            "value": 795.3333333333334,
            "min": 59.0,
            "max": 999.0,
            "count": 50
        },
        "SoccerTwos.Environment.EpisodeLength.sum": {
            "value": 9544.0,
            "min": 236.0,
            "max": 23976.0,
            "count": 50
        },
        "SoccerTwos.Environment.CumulativeReward.mean": {
            "value": -0.02500000037252903,
            "min": -2.055000049993396,
            "max": 0.0,
            "count": 50
        },
        "SoccerTwos.Environment.CumulativeReward.sum": {
            "value": -0.30000000447034836,
            "min": -41.100000999867916,
            "max": 0.0,
            "count": 50
        },
        "SoccerTwos.Policy.ExtrinsicReward.mean": {
            "value": -0.11480000490943591,
            "min": -4.210100078955293,
            "max": -0.03020000457763672,
            "count": 50
        },
        "SoccerTwos.Policy.ExtrinsicReward.sum": {
            "value": -1.377600058913231,
            "min": -82.2000018954277,
            "max": -0.12080001831054688,
            "count": 50
        },
        "SoccerTwos.Environment.GroupCumulativeReward.mean": {
            "value": -0.06480000416437785,
            "min": -0.4101000018417835,
            "max": 0.0,
            "count": 50
        },
        "SoccerTwos.Environment.GroupCumulativeReward.sum": {
            "value": -0.7776000499725342,
            "min": -3.8783999979496,
            "max": 0.0,
            "count": 50
        },
        "SoccerTwos.IsTraining.mean": {
            "value": 1.0,
            "min": 1.0,
            "max": 1.0,
            "count": 50
        },
        "SoccerTwos.IsTraining.sum": {
            "value": 1.0,
            "min": 1.0,
            "max": 1.0,
            "count": 50
        },
        "SoccerTwos.Losses.PolicyLoss.mean": {
            "value": 0.02502008371229749,
            "min": 0.018148513667983934,
            "max": 0.03255492698711653,
            "count": 48
        },
        "SoccerTwos.Losses.PolicyLoss.sum": {
            "value": 0.02502008371229749,
            "min": 0.018148513667983934,
            "max": 0.03255492698711653,
            "count": 48
        },
        "SoccerTwos.Losses.ValueLoss.mean": {
            "value": 0.0011449711547660022,
            "min": 1.4388467843673424e-05,
            "max": 0.008880096658443411,
            "count": 48
        },
        "SoccerTwos.Losses.ValueLoss.sum": {
            "value": 0.0011449711547660022,
            "min": 1.4388467843673424e-05,
            "max": 0.008880096658443411,
            "count": 48
        },
        "SoccerTwos.Losses.BaselineLoss.mean": {
            "value": 0.0011449896209038948,
            "min": 1.3107895544332374e-05,
            "max": 0.008850359031930566,
            "count": 48
        },
        "SoccerTwos.Losses.BaselineLoss.sum": {
            "value": 0.0011449896209038948,
            "min": 1.3107895544332374e-05,
            "max": 0.008850359031930566,
            "count": 48
        },
        "SoccerTwos.Policy.LearningRate.mean": {
            "value": 2.08009979199997e-06,
            "min": 2.08009979199997e-06,
            "max": 0.0009791600020839998,
            "count": 48
        },
        "SoccerTwos.Policy.LearningRate.sum": {
            "value": 2.08009979199997e-06,
            "min": 2.08009979199997e-06,
            "max": 0.0009791600020839998,
            "count": 48
        },
        "SoccerTwos.Policy.Epsilon.mean": {
            "value": 0.10020799999999998,
            "min": 0.10020799999999998,
            "max": 0.19791600000000006,
            "count": 48
        },
        "SoccerTwos.Policy.Epsilon.sum": {
            "value": 0.10020799999999998,
            "min": 0.10020799999999998,
            "max": 0.19791600000000006,
            "count": 48
        },
        "SoccerTwos.Policy.Beta.mean": {
            "value": 2.0379199999999864e-05,
            "min": 2.0379199999999864e-05,
            "max": 0.004896008400000002,
            "count": 48
        },
        "SoccerTwos.Policy.Beta.sum": {
            "value": 2.0379199999999864e-05,
            "min": 2.0379199999999864e-05,
            "max": 0.004896008400000002,
            "count": 48
        }
    },
    "metadata": {
        "timer_format_version": "0.1.0",
        "start_time_seconds": "1728420374",
        "python_version": "3.10.0 (tags/v3.10.0:b494f59, Oct  4 2021, 19:00:18) [MSC v.1929 64 bit (AMD64)]",
        "command_line_arguments": "C:\\Users\\ronad\\Documents\\project2S1\\AIML12\\Project\\venv\\Scripts\\mlagents-learn config\\config.yaml --run-id=TestT11",
        "mlagents_version": "0.30.0",
        "mlagents_envs_version": "0.30.0",
        "communication_protocol_version": "1.5.0",
        "pytorch_version": "2.4.1+cpu",
        "numpy_version": "1.21.2",
        "end_time_seconds": "1728421103"
    },
    "total": 729.0346671000007,
    "count": 1,
    "self": 0.03985649999958696,
    "children": {
        "run_training.setup": {
            "total": 0.07131160000062664,
            "count": 1,
            "self": 0.07131160000062664
        },
        "TrainerController.start_learning": {
            "total": 728.9234990000004,
            "count": 1,
            "self": 0.33503680022840854,
            "children": {
                "TrainerController._reset_env": {
                    "total": 6.720622299999377,
                    "count": 1,
                    "self": 6.720622299999377
                },
                "TrainerController.advance": {
                    "total": 721.7673729997696,
                    "count": 15753,
                    "self": 0.35609330042643705,
                    "children": {
                        "env_step": {
                            "total": 367.37733199964714,
                            "count": 15753,
                            "self": 286.04355769917674,
                            "children": {
                                "SubprocessEnvManager._take_step": {
                                    "total": 81.12121100015793,
                                    "count": 15753,
                                    "self": 2.1304966004317976,