{
    "name": "root",
    "gauges": {
        "SoccerTwos.Policy.Entropy.mean": {
            "value": 3.0050811767578125,
            "min": 2.851372718811035,
            "max": 3.2681124210357666,
            "count": 10
        },
        "SoccerTwos.Policy.Entropy.sum": {
            "value": 58130.2890625,
            "min": 57027.453125,
            "max": 69573.5625,
            "count": 10
        },
        "SoccerTwos.Environment.EpisodeLength.mean": {
            "value": 689.8571428571429,
            "min": 689.8571428571429,
            "max": 999.0,
            "count": 10
        },
        "SoccerTwos.Environment.EpisodeLength.sum": {
            "value": 19316.0,
            "min": 18800.0,
            "max": 21708.0,
            "count": 10
        },
        "SoccerTwos.Self-play.ELO.mean": {
            "value": 1198.9811381311608,
            "min": 1198.2735110546241,
            "max": 1200.3295046864096,
            "count": 7
        },
        "SoccerTwos.Self-play.ELO.sum": {
            "value": 9591.849105049287,
            "min": 2396.5470221092482,
            "max": 9592.046294083135,
            "count": 7
        },
        "SoccerTwos.Step.mean": {
            "value": 99416.0,
            "min": 9236.0,
            "max": 99416.0,
            "count": 10
        },
        "SoccerTwos.Step.sum": {
            "value": 99416.0,
            "min": 9236.0,
            "max": 99416.0,
            "count": 10
        },
        "SoccerTwos.Policy.ExtrinsicBaselineEstimate.mean": {
            "value": 0.028240898624062538,
            "min": -0.039244815707206726,
            "max": 0.028240898624062538,
            "count": 10
        },
        "SoccerTwos.Policy.ExtrinsicBaselineEstimate.sum": {
            "value": 0.39537256956100464,
            "min": -0.4316929876804352,
            "max": 0.39537256956100464,
            "count": 10
        },
        "SoccerTwos.Policy.ExtrinsicValueEstimate.mean": {
            "value": 0.04045141115784645,
            "min": -0.0298184584826231,
            "max": 0.04045141115784645,
            "count": 10
        },
        "SoccerTwos.Policy.ExtrinsicValueEstimate.sum": {
            "value": 0.5663197636604309,
            "min": -0.32800304889678955,
            "max": 0.5663197636604309,
            "count": 10
        },
        "SoccerTwos.Environment.CumulativeReward.mean": {
            "value": 0.0,
            "min": 0.0,
            "max": 0.0,
            "count": 10
        },
        "SoccerTwos.Environment.CumulativeReward.sum": {
            "value": 0.0,
            "min": 0.0,
            "max": 0.0,
            "count": 10
        },
        "SoccerTwos.Policy.ExtrinsicReward.mean": {
            "value": 0.36740000545978546,
            "min": -0.06036362119696357,
            "max": 0.36740000545978546,
            "count": 10
        },
        "SoccerTwos.Policy.ExtrinsicReward.sum": {
            "value": 5.1436000764369965,
            "min": -0.6639998331665993,
            "max": 5.1436000764369965,
            "count": 10
        },
        "SoccerTwos.Environment.GroupCumulativeReward.mean": {
            "value": 0.36740000545978546,
            "min": -0.06036362119696357,
            "max": 0.36740000545978546,
            "count": 10
        },
        "SoccerTwos.Environment.GroupCumulativeReward.sum": {
            "value": 5.1436000764369965,
            "min": -0.6639998331665993,
            "max": 5.1436000764369965,
            "count": 10
        },
        "SoccerTwos.Losses.PolicyLoss.mean": {
            "value": 0.048039683924296056,
            "min": 0.04496363163328706,
            "max": 0.055325069916822636,
            "count": 10
        },
        "SoccerTwos.Losses.PolicyLoss.sum": {
            "value": 0.14411905177288817,
            "min": 0.08992726326657412,
            "max": 0.15318221633415072,
            "count": 10
        },
        "SoccerTwos.Losses.ValueLoss.mean": {
            "value": 0.004347814946018155,
            "min": 0.0001393917175139197,
            "max": 0.03582363569816479,
            "count": 10
        },
        "SoccerTwos.Losses.ValueLoss.sum": {
            "value": 0.013043444838054464,
            "min": 0.0002787834350278394,
            "max": 0.07164727139632958,
            "count": 10
        },
        "SoccerTwos.Losses.BaselineLoss.mean": {
            "value": 0.004528384045043534,
            "min": 0.00013809142660142646,
            "max": 0.021352022633744548,
            "count": 10
        },
        "SoccerTwos.Losses.BaselineLoss.sum": {
            "value": 0.013585152135130603,
            "min": 0.0002761828532028529,
            "max": 0.042704045267489096,
            "count": 10
        },
        "SoccerTwos.Policy.LearningRate.mean": {
            "value": 0.001,
            "min": 0.001,
            "max": 0.0010000000000000002,
            "count": 10
        },
        "SoccerTwos.Policy.LearningRate.sum": {
            "value": 0.003,
            "min": 0.002,
            "max": 0.003,
            "count": 10
        },
        "SoccerTwos.Policy.Epsilon.mean": {
            "value": 0.19999999999999998,
            "min": 0.19999999999999993,
            "max": 0.20000000000000007,
            "count": 10
        },
        "SoccerTwos.Policy.Epsilon.sum": {
            "value": 0.6,
            "min": 0.39999999999999986,
            "max": 0.6,
            "count": 10
        },
        "SoccerTwos.Policy.Beta.mean": {
            "value": 0.005000000000000001,
            "min": 0.005000000000000001,
            "max": 0.005000000000000001,
            "count": 10
        },
        "SoccerTwos.Policy.Beta.sum": {
            "value": 0.015000000000000003,
            "min": 0.010000000000000002,
            "max": 0.015000000000000003,
            "count": 10
        },
        "SoccerTwos.IsTraining.mean": {
            "value": 1.0,
            "min": 1.0,
            "max": 1.0,
            "count": 10
        },
        "SoccerTwos.IsTraining.sum": {
            "value": 1.0,
            "min": 1.0,
            "max": 1.0,
            "count": 10
        }
    },
    "metadata": {
        "timer_format_version": "0.1.0",
        "start_time_seconds": "1730469038",
        "python_version": "3.10.0 (tags/v3.10.0:b494f59, Oct  4 2021, 19:00:18) [MSC v.1929 64 bit (AMD64)]",
        "command_line_arguments": "C:\\Users\\ronad\\Documents\\project2S1\\AIML12\\Project\\venv\\Scripts\\mlagents-learn config\\config.yaml --run-id=TestT41",
        "mlagents_version": "0.30.0",
        "mlagents_envs_version": "0.30.0",
        "communication_protocol_version": "1.5.0",
        "pytorch_version": "2.4.1+cpu",
        "numpy_version": "1.21.2",
        "end_time_seconds": "1730470091"
    },
    "total": 1053.5692340999994,
    "count": 1,
    "self": 0.005741100001614541,
    "children": {
        "run_training.setup": {
            "total": 0.05938179999793647,
            "count": 1,
            "self": 0.05938179999793647
        },
        "TrainerController.start_learning": {
            "total": 1053.5041112,
            "count": 1,
            "self": 1.5255982997114188,
            "children": {
                "TrainerController._reset_env": {
                    "total": 6.37863870000001,
                    "count": 1,
                    "self": 6.37863870000001
                },
                "TrainerController.advance": {
                    "total": 1045.4894323002882,
                    "count": 54213,
                    "self": 1.3519138002302498,
                    "children": {
                        "env_step": {
                            "total": 844.2103582000491,
                            "count": 54213,
                            "self": 503.050517600328,