{
    "name": "root",
    "gauges": {
        "SoccerTwos.Policy.Entropy.mean": {
            "value": 3.1997148990631104,
            "min": 3.1969451904296875,
            "max": 3.2957236766815186,
            "count": 44
        },
        "SoccerTwos.Policy.Entropy.sum": {
            "value": 26109.673828125,
            "min": 1783.0106201171875,
            "max": 105463.15625,
            "count": 44
        },
        "SoccerTwos.Environment.EpisodeLength.mean": {
            "value": 999.0,
            "min": 433.0,
            "max": 999.0,
            "count": 44
        },
        "SoccerTwos.Environment.EpisodeLength.sum": {
            "value": 7992.0,
            "min": 1732.0,
            "max": 29352.0,
            "count": 44
        },
        "SoccerTwos.Step.mean": {
            "value": 449456.0,
            "min": 9384.0,
            "max": 449456.0,
            "count": 45
        },
        "SoccerTwos.Step.sum": {
            "value": 449456.0,
            "min": 9384.0,
            "max": 449456.0,
            "count": 45
        },
        "SoccerTwos.Policy.ExtrinsicBaselineEstimate.mean": {
            "value": -0.004772242624312639,
            "min": -0.06195452809333801,
            "max": -0.003827818902209401,
            "count": 45
        },
        "SoccerTwos.Policy.ExtrinsicBaselineEstimate.sum": {
            "value": -0.04772242531180382,
            "min": -0.7938410639762878,
            "max": -0.038278188556432724,
            "count": 45
        },
        "SoccerTwos.Policy.ExtrinsicValueEstimate.mean": {
            "value": -0.004411899484694004,
            "min": -0.06197964772582054,
            "max": -0.004165229853242636,
            "count": 45
        },
        "SoccerTwos.Policy.ExtrinsicValueEstimate.sum": {
            "value": -0.04411899298429489,
            "min": -0.7919244170188904,
            "max": -0.04165229946374893,
            "count": 45
        },
        "SoccerTwos.Environment.CumulativeReward.mean": {
            "value": 0.0,
            "min": 0.0,
            "max": 0.0,
            "count": 45
        },
        "SoccerTwos.Environment.CumulativeReward.sum": {
            "value": 0.0,
            "min": 0.0,
            "max": 0.0,
            "count": 45
        },
        "SoccerTwos.Policy.ExtrinsicReward.mean": {
            "value": 0.0,
            "min": -0.31465713892664227,
            "max": 0.0493800014257431,
            "count": 45
        },
        "SoccerTwos.Policy.ExtrinsicReward.sum": {
            "value": 0.0,
            "min": -4.405199944972992,
            "max": 0.49380001425743103,
            "count": 45
        },
        "SoccerTwos.Environment.GroupCumulativeReward.mean": {
            "value": 0.0,
            "min": -0.31465713892664227,
            "max": 0.0493800014257431,
            "count": 45
        },
        "SoccerTwos.Environment.GroupCumulativeReward.sum": {
            "value": 0.0,
            "min": -4.405199944972992,
            "max": 0.49380001425743103,
            "count": 45
        },
        "SoccerTwos.IsTraining.mean": {
            "value": 1.0,
            "min": 1.0,
            "max": 1.0,
            "count": 45
        },
        "SoccerTwos.IsTraining.sum": {
            "value": 1.0,
            "min": 1.0,
            "max": 1.0,
            "count": 45
        },
        "SoccerTwos.Losses.PolicyLoss.mean": {
            "value": 0.017973940909723752,
            "min": 0.011599837367115966,
            "max": 0.023707236353463182,
            "count": 18
        },
        "SoccerTwos.Losses.PolicyLoss.sum": {
            "value": 0.017973940909723752,
            "min": 0.011599837367115966,
            "max": 0.023707236353463182,
            "count": 18
        },
        "SoccerTwos.Losses.ValueLoss.mean": {
            "value": 0.0008726392329360048,
            "min": 7.165011607646717e-06,
            "max": 0.005113110031622152,
            "count": 18
        },
        "SoccerTwos.Losses.ValueLoss.sum": {
            "value": 0.0008726392329360048,
            "min": 7.165011607646717e-06,
            "max": 0.005113110031622152,
            "count": 18
        },
        "SoccerTwos.Losses.BaselineLoss.mean": {
            "value": 0.0008945371926529333,
            "min": 6.574716866397824e-06,
            "max": 0.005198043802132209,
            "count": 18
        },
        "SoccerTwos.Losses.BaselineLoss.sum": {
            "value": 0.0008945371926529333,
            "min": 6.574716866397824e-06,
            "max": 0.005198043802132209,
            "count": 18
        },
        "SoccerTwos.Policy.LearningRate.mean": {
            "value": 0.0003,
            "min": 0.0003,
            "max": 0.0003,
            "count": 18
        },
        "SoccerTwos.Policy.LearningRate.sum": {
            "value": 0.0003,
            "min": 0.0003,
            "max": 0.0003,
            "count": 18
        },
        "SoccerTwos.Policy.Epsilon.mean": {
            "value": 0.20000000000000007,
            "min": 0.19999999999999996,
            "max": 0.20000000000000007,
            "count": 18
        },
        "SoccerTwos.Policy.Epsilon.sum": {
            "value": 0.20000000000000007,
            "min": 0.19999999999999996,
            "max": 0.20000000000000007,
            "count": 18
        },
        "SoccerTwos.Policy.Beta.mean": {
            "value": 0.005000000000000001,
            "min": 0.005,
            "max": 0.005000000000000001,
            "count": 18
        },
        "SoccerTwos.Policy.Beta.sum": {
            "value": 0.005000000000000001,
            "min": 0.005,
            "max": 0.005000000000000001,
            "count": 18
        }
    },
    "metadata": {
        "timer_format_version": "0.1.0",
        "start_time_seconds": "1730973809",
        "python_version": "3.10.0 (tags/v3.10.0:b494f59, Oct  4 2021, 19:00:18) [MSC v.1929 64 bit (AMD64)]",
        "command_line_arguments": "C:\\Users\\ronad\\Documents\\project2S1\\AIML12\\Project\\venv\\Scripts\\mlagents-learn config\\config.yaml --run-id=TestT63",
        "mlagents_version": "0.30.0",
        "mlagents_envs_version": "0.30.0",
        "communication_protocol_version": "1.5.0",
        "pytorch_version": "2.4.1+cpu",
        "numpy_version": "1.21.2",
        "end_time_seconds": "1730974515"
    },
    "total": 705.4123892999487,
    "count": 1,
    "self": 0.004876299935858697,
    "children": {
        "run_training.setup": {
            "total": 0.06005039997398853,
            "count": 1,
            "self": 0.06005039997398853
        },
        "TrainerController.start_learning": {
            "total": 705.3474626000389,
            "count": 1,
            "self": 0.31292340415529907,
            "children": {
                "TrainerController._reset_env": {
                    "total": 4.176610199967399,
                    "count": 1,
                    "self": 4.176610199967399
                },
                "TrainerController.advance": {
                    "total": 700.7226421958767,
                    "count": 14634,
                    "self": 0.30884309636894614,
                    "children": {
                        "env_step": {
                            "total": 321.0947011014796,
                            "count": 14634,
                            "self": 252.42198239988647,
                            "children": {
                                "SubprocessEnvManager._take_step": {
                                    "total": 68.4563747998327,
                                    "count": 14634,
                                    "self": 2.024669800826814,
                                    "children": {
                                        "TorchPolicy.evaluate": {
                                            "total": 66.43170499900589,
                                            "count": 29082,