{
    "name": "root",
    "gauges": {
        "SoccerTwos.Policy.Entropy.mean": {
            "value": 3.2310378551483154,
            "min": 3.2310378551483154,
            "max": 3.2783613204956055,
            "count": 2
        },
        "SoccerTwos.Policy.Entropy.sum": {
            "value": 76187.875,
            "min": 66052.421875,
            "max": 76187.875,
            "count": 2
        },
        "SoccerTwos.Environment.EpisodeLength.mean": {
            "value": 841.1428571428571,
            "min": 838.5,
            "max": 841.1428571428571,
            "count": 2
        },
        "SoccerTwos.Environment.EpisodeLength.sum": {
            "value": 23552.0,
            "min": 20124.0,
            "max": 23552.0,
            "count": 2
        },
        "SoccerTwos.Step.mean": {
            "value": 19864.0,
            "min": 9074.0,
            "max": 19864.0,
            "count": 2
        },
        "SoccerTwos.Step.sum": {
            "value": 19864.0,
            "min": 9074.0,
            "max": 19864.0,
            "count": 2
        },
        "SoccerTwos.Policy.ExtrinsicBaselineEstimate.mean": {
            "value": 0.06777678430080414,
            "min": 0.0677681490778923,
            "max": 0.06777678430080414,
            "count": 2
        },
        "SoccerTwos.Policy.ExtrinsicBaselineEstimate.sum": {
            "value": 0.8810981512069702,
            "min": 0.7454496622085571,
            "max": 0.8810981512069702,
            "count": 2
        },
        "SoccerTwos.Policy.ExtrinsicValueEstimate.mean": {
            "value": 0.06965407729148865,
            "min": 0.06965407729148865,
            "max": 0.06975783407688141,
            "count": 2
        },
        "SoccerTwos.Policy.ExtrinsicValueEstimate.sum": {
            "value": 0.90550297498703,
            "min": 0.7673361897468567,
            "max": 0.90550297498703,
            "count": 2
        },
        "SoccerTwos.Environment.CumulativeReward.mean": {
            "value": 0.0,
            "min": 0.0,
            "max": 0.0,
            "count": 2
        },
        "SoccerTwos.Environment.CumulativeReward.sum": {
            "value": 0.0,
            "min": 0.0,
            "max": 0.0,
            "count": 2
        },
        "SoccerTwos.Policy.ExtrinsicReward.mean": {
            "value": -0.061538450993024386,
            "min": -0.061538450993024386,
            "max": 0.3387272764335979,
            "count": 2
        },
        "SoccerTwos.Policy.ExtrinsicReward.sum": {
            "value": -0.799999862909317,
            "min": -0.799999862909317,
            "max": 3.726000040769577,
            "count": 2
        },
        "SoccerTwos.Environment.GroupCumulativeReward.mean": {
            "value": -0.061538450993024386,
            "min": -0.061538450993024386,
            "max": 0.3387272764335979,
            "count": 2
        },
        "SoccerTwos.Environment.GroupCumulativeReward.sum": {
            "value": -0.799999862909317,
            "min": -0.799999862909317,
            "max": 3.726000040769577,
            "count": 2
        },
        "SoccerTwos.Losses.PolicyLoss.mean": {
            "value": 0.04170208000123301,
            "min": 0.03952521510234672,
            "max": 0.04170208000123301,
            "count": 2
        },
        "SoccerTwos.Losses.PolicyLoss.sum": {
            "value": 0.12510624000369902,
            "min": 0.07905043020469343,
            "max": 0.12510624000369902,
            "count": 2
        },
        "SoccerTwos.Losses.ValueLoss.mean": {
            "value": 0.004026518975853331,
            "min": 0.004026518975853331,
            "max": 0.014921935547317843,
            "count": 2
        },
        "SoccerTwos.Losses.ValueLoss.sum": {
            "value": 0.012079556927559992,
            "min": 0.012079556927559992,
            "max": 0.029843871094635686,
            "count": 2
        },
        "SoccerTwos.Losses.BaselineLoss.mean": {
            "value": 0.004410430242468976,
            "min": 0.004410430242468976,
            "max": 0.008538916903489735,
            "count": 2
        },
        "SoccerTwos.Losses.BaselineLoss.sum": {
            "value": 0.01323129072740693,
            "min": 0.01323129072740693,
            "max": 0.01707783380697947,
            "count": 2
        },
        "SoccerTwos.Policy.LearningRate.mean": {
            "value": 0.001,
            "min": 0.001,
            "max": 0.001,
            "count": 2
        },
        "SoccerTwos.Policy.LearningRate.sum": {
            "value": 0.003,
            "min": 0.002,
            "max": 0.003,
            "count": 2
        },
        "SoccerTwos.Policy.Epsilon.mean": {
            "value": 0.19999999999999998,
            "min": 0.19999999999999993,
            "max": 0.19999999999999998,
            "count": 2
        },
        "SoccerTwos.Policy.Epsilon.sum": {
            "value": 0.6,
            "min": 0.39999999999999986,
            "max": 0.6,
            "count": 2
        },
        "SoccerTwos.Policy.Beta.mean": {
            "value": 0.005000000000000001,
            "min": 0.005000000000000001,
            "max": 0.005000000000000001,
            "count": 2
        },
        "SoccerTwos.Policy.Beta.sum": {
            "value": 0.015000000000000003,
            "min": 0.010000000000000002,
            "max": 0.015000000000000003,
            "count": 2
        },
        "SoccerTwos.Self-play.ELO.mean": {
            "value": 1198.7535925691843,
            "min": 1198.7535925691843,
            "max": 1200.0,
            "count": 2
        },
        "SoccerTwos.Self-play.ELO.sum": {
            "value": 4795.014370276737,
            "min": 4795.014370276737,
            "max": 4800.0,
            "count": 2
        },
        "SoccerTwos.IsTraining.mean": {
            "value": 1.0,
            "min": 1.0,
            "max": 1.0,
            "count": 2
        },
        "SoccerTwos.IsTraining.sum": {
            "value": 1.0,
            "min": 1.0,
            "max": 1.0,
            "count": 2
        }
    },
    "metadata": {
        "timer_format_version": "0.1.0",
        "start_time_seconds": "1730470102",
        "python_version": "3.10.0 (tags/v3.10.0:b494f59, Oct  4 2021, 19:00:18) [MSC v.1929 64 bit (AMD64)]",
        "command_line_arguments": "C:\\Users\\ronad\\Documents\\project2S1\\AIML12\\Project\\venv\\Scripts\\mlagents-learn config\\config.yaml --run-id=TestT42",
        "mlagents_version": "0.30.0",
        "mlagents_envs_version": "0.30.0",
        "communication_protocol_version": "1.5.0",
        "pytorch_version": "2.4.1+cpu",
        "numpy_version": "1.21.2",
        "end_time_seconds": "1730470392"
    },
    "total": 290.20619310000257,
    "count": 1,
    "self": 0.007927100003144005,
    "children": {
        "run_training.setup": {
            "total": 0.06930129999818746,
            "count": 1,
            "self": 0.06930129999818746
        },
        "TrainerController.start_learning": {
            "total": 290.12896470000123,
            "count": 1,
            "self": 0.3402840999842738,
            "children": {
                "TrainerController._reset_env": {
                    "total": 6.726698500002385,
                    "count": 1,
                    "self": 6.726698500002385
                },
                "TrainerController.advance": {
                    "total": 282.9053845000162,
                    "count": 12796,
                    "self": 0.2990006997861201,
                    "children": {
                        "env_step": {
                            "total": 247.38522090006154,
                            "count": 12796,
                            "self": 166.52016989974436,
                            "children": {
                                "SubprocessEnvManager._take_step": {
                                    "total": 80.66728689997399,
                                    "count": 12796,