{
    "name": "root",
    "gauges": {
        "SoccerTwos.Policy.Entropy.mean": {
            "value": 3.200618028640747,
            "min": 3.1871182918548584,
            "max": 3.295743227005005,
            "count": 55
        },
        "SoccerTwos.Policy.Entropy.sum": {
            "value": 74356.7578125,
            "min": 25657.2421875,
            "max": 117130.0234375,
            "count": 55
        },
        "SoccerTwos.Environment.EpisodeLength.mean": {
            "value": 586.0,
            "min": 330.9230769230769,
            "max": 999.0,
            "count": 55
        },
        "SoccerTwos.Environment.EpisodeLength.sum": {
            "value": 21096.0,
            "min": 15480.0,
            "max": 27064.0,
            "count": 55
        },
        "SoccerTwos.Self-play.ELO.mean": {
            "value": 1209.4731798943376,
            "min": 1201.650787957009,
            "max": 1214.0436933417386,
            "count": 52
        },
        "SoccerTwos.Self-play.ELO.sum": {
            "value": 19351.5708783094,
            "min": 2403.3628424101034,
            "max": 24280.873866834772,
            "count": 52
        },
        "SoccerTwos.Step.mean": {
            "value": 549044.0,
            "min": 9436.0,
            "max": 549044.0,
            "count": 55
        },
        "SoccerTwos.Step.sum": {
            "value": 549044.0,
            "min": 9436.0,
            "max": 549044.0,
            "count": 55
        },
        "SoccerTwos.Policy.ExtrinsicBaselineEstimate.mean": {
            "value": -0.011386756785213947,
            "min": -0.01775066927075386,
            "max": 0.06535407155752182,
            "count": 55
        },
        "SoccerTwos.Policy.ExtrinsicBaselineEstimate.sum": {
            "value": -0.19357486069202423,
            "min": -0.47926807403564453,
            "max": 1.175024390220642,
            "count": 55
        },
        "SoccerTwos.Policy.ExtrinsicValueEstimate.mean": {
            "value": -0.012079589068889618,
            "min": -0.01908433809876442,
            "max": 0.06183713302016258,
            "count": 55
        },
        "SoccerTwos.Policy.ExtrinsicValueEstimate.sum": {
            "value": -0.2053530216217041,
            "min": -0.5043942332267761,
            "max": 1.1747779846191406,
            "count": 55
        },
        "SoccerTwos.Environment.CumulativeReward.mean": {
            "value": 0.0,
            "min": 0.0,
            "max": 0.0,
            "count": 55
        },
        "SoccerTwos.Environment.CumulativeReward.sum": {
            "value": 0.0,
            "min": 0.0,
            "max": 0.0,
            "count": 55
        },
        "SoccerTwos.Policy.ExtrinsicReward.mean": {
            "value": -0.45040000186246987,
            "min": -0.5202999994158745,
            "max": 0.2810800030827522,
            "count": 55
        },
        "SoccerTwos.Policy.ExtrinsicReward.sum": {
            "value": -7.656800031661987,
            "min": -10.40599998831749,
            "max": 5.6216000616550446,
            "count": 55
        },
        "SoccerTwos.Environment.GroupCumulativeReward.mean": {
            "value": -0.45040000186246987,
            "min": -0.5202999994158745,
            "max": 0.2810800030827522,
            "count": 55
        },
        "SoccerTwos.Environment.GroupCumulativeReward.sum": {
            "value": -7.656800031661987,
            "min": -10.40599998831749,
            "max": 5.6216000616550446,
            "count": 55
        },
        "SoccerTwos.IsTraining.mean": {
            "value": 1.0,
            "min": 1.0,
            "max": 1.0,
            "count": 55
        },
        "SoccerTwos.IsTraining.sum": {
            "value": 1.0,
            "min": 1.0,
            "max": 1.0,
            "count": 55
        },
        "SoccerTwos.Losses.PolicyLoss.mean": {
            "value": 0.020759057616911984,
            "min": 0.012697546316000322,
            "max": 0.02267751145021369,
            "count": 25
        },
        "SoccerTwos.Losses.PolicyLoss.sum": {
            "value": 0.020759057616911984,
            "min": 0.012697546316000322,
            "max": 0.02267751145021369,
            "count": 25
        },
        "SoccerTwos.Losses.ValueLoss.mean": {
            "value": 0.007592873213191827,
            "min": 0.0007394320661357293,
            "max": 0.049369151890277865,
            "count": 25
        },
        "SoccerTwos.Losses.ValueLoss.sum": {
            "value": 0.007592873213191827,
            "min": 0.0007394320661357293,
            "max": 0.049369151890277865,
            "count": 25
        },
        "SoccerTwos.Losses.BaselineLoss.mean": {
            "value": 0.007590233208611607,
            "min": 0.0009418363042641431,
            "max": 0.0256605233065784,
            "count": 25
        },
        "SoccerTwos.Losses.BaselineLoss.sum": {
            "value": 0.007590233208611607,
            "min": 0.0009418363042641431,
            "max": 0.0256605233065784,
            "count": 25
        },
        "SoccerTwos.Policy.LearningRate.mean": {
            "value": 0.0010000000000000002,
            "min": 0.001,
            "max": 0.0010000000000000002,
            "count": 25
        },
        "SoccerTwos.Policy.LearningRate.sum": {
            "value": 0.0010000000000000002,
            "min": 0.001,
            "max": 0.0010000000000000002,
            "count": 25
        },
        "SoccerTwos.Policy.Epsilon.mean": {
            "value": 0.20000000000000007,
            "min": 0.2,
            "max": 0.20000000000000007,
            "count": 25
        },
        "SoccerTwos.Policy.Epsilon.sum": {
            "value": 0.20000000000000007,
            "min": 0.2,
            "max": 0.20000000000000007,
            "count": 25
        },
        "SoccerTwos.Policy.Beta.mean": {
            "value": 0.010000000000000002,
            "min": 0.01,
            "max": 0.010000000000000002,
            "count": 25
        },
        "SoccerTwos.Policy.Beta.sum": {
            "value": 0.010000000000000002,
            "min": 0.01,
            "max": 0.010000000000000002,
            "count": 25
        }
    },
    "metadata": {
        "timer_format_version": "0.1.0",
        "start_time_seconds": "1730718296",
        "python_version": "3.10.0 (tags/v3.10.0:b494f59, Oct  4 2021, 19:00:18) [MSC v.1929 64 bit (AMD64)]",
        "command_line_arguments": "C:\\Users\\ronad\\Documents\\project2S1\\AIML12\\Project\\venv\\Scripts\\mlagents-learn config\\config.yaml --run-id=TestT52",
        "mlagents_version": "0.30.0",
        "mlagents_envs_version": "0.30.0",
        "communication_protocol_version": "1.5.0",
        "pytorch_version": "2.4.1+cpu",
        "numpy_version": "1.21.2",
        "end_time_seconds": "1730719452"
    },
    "total": 1155.8030576999881,
    "count": 1,
    "self": 0.00512489999528043,
    "children": {
        "run_training.setup": {
            "total": 0.05468109998037107,
            "count": 1,
            "self": 0.05468109998037107
        },
        "TrainerController.start_learning": {
            "total": 1155.7432517000125,
            "count": 1,
            "self": 0.8772452971024904,
            "children": {
                "TrainerController._reset_env": {
                    "total": 4.688620400003856,
                    "count": 3,
                    "self": 4.688620400003856
                },
                "TrainerController.advance": {
                    "total": 1150.0531912029255,
                    "count": 36372,
                    "self": 0.8402380040206481,
                    "children": {
                        "env_step": {
                            "total": 679.8870307005709,
                            "count": 36372,
                            "self": 491.37739690509625,