{
    "name": "root",
    "gauges": {
        "SoccerTwos.Policy.Entropy.mean": {
            "value": 2.9505414962768555,
            "min": 2.9445340633392334,
            "max": 3.295813798904419,
            "count": 76
        },
        "SoccerTwos.Policy.Entropy.sum": {
            "value": 28891.703125,
            "min": 28732.40234375,
            "max": 34170.9921875,
            "count": 76
        },
        "SoccerTwos.Step.mean": {
            "value": 759992.0,
            "min": 9972.0,
            "max": 759992.0,
            "count": 76
        },
        "SoccerTwos.Step.sum": {
            "value": 759992.0,
            "min": 9972.0,
            "max": 759992.0,
            "count": 76
        },
        "SoccerTwos.Policy.ExtrinsicBaselineEstimate.mean": {
            "value": 0.023477641865611076,
            "min": 0.009821617975831032,
            "max": 0.03852962329983711,
            "count": 76
        },
        "SoccerTwos.Policy.ExtrinsicBaselineEstimate.sum": {
            "value": 3.779900312423706,
            "min": 1.561638593673706,
            "max": 6.1262102127075195,
            "count": 76
        },
        "SoccerTwos.Policy.ExtrinsicValueEstimate.mean": {
            "value": 0.023742087185382843,
            "min": 0.005667611490935087,
            "max": 0.03949318826198578,
            "count": 76
        },
        "SoccerTwos.Policy.ExtrinsicValueEstimate.sum": {
            "value": 3.8224759101867676,
            "min": 0.940823495388031,
            "max": 6.279417037963867,
            "count": 76
        },
        "SoccerTwos.Environment.EpisodeLength.mean": {
            "value": 810.3333333333334,
            "min": 76.0,
            "max": 999.0,
            "count": 70
        },
        "SoccerTwos.Environment.EpisodeLength.sum": {
            "value": 9724.0,
            "min": 304.0,
            "max": 24404.0,
            "count": 70
        },
        "SoccerTwos.Environment.CumulativeReward.mean": {
            "value": 0.0,
            "min": 0.0,
            "max": 0.0,
            "count": 70
        },
        "SoccerTwos.Environment.CumulativeReward.sum": {
            "value": 0.0,
            "min": 0.0,
            "max": 0.0,
            "count": 70
        },
        "SoccerTwos.Policy.ExtrinsicReward.mean": {
            "value": 0.06596665922552347,
            "min": -0.800000011920929,
            "max": 1.1644000288797542,
            "count": 70
        },
        "SoccerTwos.Policy.ExtrinsicReward.sum": {
            "value": 0.7915999107062817,
            "min": -1.600000023841858,
            "max": 15.717600274831057,
            "count": 70
        },
        "SoccerTwos.Environment.GroupCumulativeReward.mean": {
            "value": 0.06596665922552347,
            "min": -0.800000011920929,
            "max": 1.1644000288797542,
            "count": 70
        },
        "SoccerTwos.Environment.GroupCumulativeReward.sum": {
            "value": 0.7915999107062817,
            "min": -1.600000023841858,
            "max": 15.717600274831057,
            "count": 70
        },
        "SoccerTwos.IsTraining.mean": {
            "value": 1.0,
            "min": 1.0,
            "max": 1.0,
            "count": 76
        },
        "SoccerTwos.IsTraining.sum": {
            "value": 1.0,
            "min": 1.0,
            "max": 1.0,
            "count": 76
        },
        "SoccerTwos.Losses.PolicyLoss.mean": {
            "value": 0.016189147570791342,
            "min": 0.012085423523482556,
            "max": 0.02290634233504534,
            "count": 36
        },
        "SoccerTwos.Losses.PolicyLoss.sum": {
            "value": 0.016189147570791342,
            "min": 0.012085423523482556,
            "max": 0.02290634233504534,
            "count": 36
        },
        "SoccerTwos.Losses.ValueLoss.mean": {
            "value": 0.00012831119335411737,
            "min": 0.00012831119335411737,
            "max": 0.0068595977267250415,
            "count": 36
        },
        "SoccerTwos.Losses.ValueLoss.sum": {
            "value": 0.00012831119335411737,
            "min": 0.00012831119335411737,
            "max": 0.0068595977267250415,
            "count": 36
        },
        "SoccerTwos.Losses.BaselineLoss.mean": {
            "value": 0.00012929172080475838,
            "min": 0.00012929172080475838,
            "max": 0.006533777620643377,
            "count": 36
        },
        "SoccerTwos.Losses.BaselineLoss.sum": {
            "value": 0.00012929172080475838,
            "min": 0.00012929172080475838,
            "max": 0.006533777620643377,
            "count": 36
        },
        "SoccerTwos.Policy.LearningRate.mean": {
            "value": 0.0008514336148566401,
            "min": 0.0008514336148566401,
            "max": 0.0009959000004099998,
            "count": 36
        },
        "SoccerTwos.Policy.LearningRate.sum": {
            "value": 0.0008514336148566401,
            "min": 0.0008514336148566401,
            "max": 0.0009959000004099998,
            "count": 36
        },
        "SoccerTwos.Policy.Epsilon.mean": {
            "value": 0.18514335999999995,
            "min": 0.18514335999999995,
            "max": 0.19958999999999996,
            "count": 36
        },
        "SoccerTwos.Policy.Epsilon.sum": {
            "value": 0.18514335999999995,
            "min": 0.18514335999999995,
            "max": 0.19958999999999996,
            "count": 36
        },
        "SoccerTwos.Policy.Beta.mean": {
            "value": 0.004258653663999999,
            "min": 0.004258653663999999,
            "max": 0.004979541000000001,
            "count": 36
        },
        "SoccerTwos.Policy.Beta.sum": {
            "value": 0.004258653663999999,
            "min": 0.004258653663999999,
            "max": 0.004979541000000001,
            "count": 36
        }
    },
    "metadata": {
        "timer_format_version": "0.1.0",
        "start_time_seconds": "1730972594",
        "python_version": "3.10.0 (tags/v3.10.0:b494f59, Oct  4 2021, 19:00:18) [MSC v.1929 64 bit (AMD64)]",
        "command_line_arguments": "C:\\Users\\ronad\\Documents\\project2S1\\AIML12\\Project\\venv\\Scripts\\mlagents-learn config\\config.yaml --run-id=TestT61",
        "mlagents_version": "0.30.0",
        "mlagents_envs_version": "0.30.0",
        "communication_protocol_version": "1.5.0",
        "pytorch_version": "2.4.1+cpu",
        "numpy_version": "1.21.2",
        "end_time_seconds": "1730973725"
    },
    "total": 1131.0267264999566,
    "count": 1,
    "self": 10.006759899959434,
    "children": {
        "run_training.setup": {
            "total": 0.15671650000149384,
            "count": 1,
            "self": 0.15671650000149384
        },
        "TrainerController.start_learning": {
            "total": 1120.8632500999956,
            "count": 1,
            "self": 0.48716389475157484,
            "children": {
                "TrainerController._reset_env": {
                    "total": 13.418968899990432,
                    "count": 1,
                    "self": 13.418968899990432
                },
                "TrainerController.advance": {
                    "total": 1106.8132527052076,
                    "count": 24036,
                    "self": 0.4869459033361636,
                    "children": {
                        "env_step": {
                            "total": 415.73138400062453,
                            "count": 24036,
                            "self": 316.4082442978397,
                            "children": {
                                "SubprocessEnvManager._take_step": {
                                    "total": 99.00944200169761,
                                    "count": 24037,
                                    "self": 2.8829659033799544,